trait_id	trait_label	phenotype_code_or_accession	disease_group	phenotype_module	source_database	consortium_or_biobank	ancestry	sample_size	case_count	control_count	genome_build	effect_scale	ldsc_h2	ldsc_h2_se	ldsc_h2_z	ldsc_mean_chi2	ldsc_intercept	ldsc_power_class	trait_level_h2_qc_decision	appears_in_final_31_pairs	n_final_downstream_pairs	external_metadata_source	notes
ALLERGIC_RHINITIS_GCST90038664	Allergic rhinitis	ALLERGIC_RHINITIS_GCST90038664	nasal index phenotype	M0_sinonasal_anchor	GWAS Catalog GCST90038664	UK Biobank / GWAS Catalog	UK Biobank, country of recruitment U.K.; GWAS Catalog ancestry group NR	484598	27415	457183	GWAS Catalog full summary statistics; local LDSC/locus analyses used harmonized hg19/GRCh37-compatible resources where required	Binary disease GWAS effect estimate as provided by GWAS Catalog/OpenGWAS harmonized summary statistics; local LDSC used SNP/A1/A2/Z	0.0143	0.0016	8.9375	Not available in the nasal-anchor audit	1.0542	replacement_nasal_anchor_retained	nasal_anchor_retained_for_current_formal_analysis	True	13	GWAS Catalog REST: https://www.ebi.ac.uk/gwas/rest/api/studies/GCST90038664	Initial LDSC-screened trait universe from heritability_summary.tsv. Original sample-size metadata not present in local audit. Four nasal anchor GWAS are listed separately from the 57 comparator traits; current primary downstream analyses retained allergic rhinitis and nasal polyps, while chronic sinusitis/chronic rhinitis were not retained for final interpretable pair-level evidence. External metadata were updated from GWAS Catalog REST or UK Biobank/Pan-UKB public documentation where available.
CHRONIC_SINUSITIS_GCST90038673	Chronic sinusitis	CHRONIC_SINUSITIS_GCST90038673	nasal index phenotype	M0_sinonasal_anchor	GWAS Catalog GCST90038673	UK Biobank / GWAS Catalog	UK Biobank, country of recruitment U.K.; GWAS Catalog ancestry group NR	484598	3014	481584	GWAS Catalog full summary statistics; local LDSC/locus analyses used harmonized hg19/GRCh37-compatible resources where required	Binary disease GWAS effect estimate as provided by GWAS Catalog/OpenGWAS harmonized summary statistics; local LDSC used SNP/A1/A2/Z	0.0002	0.0008	0.25	Not available in the nasal-anchor audit	0.9989	replacement_nasal_anchor_low_or_not_retained	nasal_anchor_not_retained_for_current_formal_interpretable_analysis	False	0	GWAS Catalog REST: https://www.ebi.ac.uk/gwas/rest/api/studies/GCST90038673	Initial LDSC-screened trait universe from heritability_summary.tsv. Original sample-size metadata not present in local audit. Four nasal anchor GWAS are listed separately from the 57 comparator traits; current primary downstream analyses retained allergic rhinitis and nasal polyps, while chronic sinusitis/chronic rhinitis were not retained for final interpretable pair-level evidence. External metadata were updated from GWAS Catalog REST or UK Biobank/Pan-UKB public documentation where available.
NASAL_POLYPS_GCST90018883	Nasal polyps	NASAL_POLYPS_GCST90018883	nasal index phenotype	M0_sinonasal_anchor	GWAS Catalog GCST90018883	BBJ / UK Biobank / FinnGen meta-analysis; GWAS Catalog	European ancestry subset used for LDSC-compatible interpretation; original study also includes East Asian ancestry	450059	5093	444966	GWAS Catalog full summary statistics; local LDSC/locus analyses used harmonized hg19/GRCh37-compatible resources where required	Binary disease GWAS effect estimate as provided by GWAS Catalog/OpenGWAS harmonized summary statistics; local LDSC used SNP/A1/A2/Z	0.007	0.0013	5.38462	Not available in the nasal-anchor audit	1.0259	replacement_nasal_anchor_retained	nasal_anchor_retained_for_current_formal_analysis	True	18	GWAS Catalog REST: https://www.ebi.ac.uk/gwas/rest/api/studies/GCST90018883	Initial LDSC-screened trait universe from heritability_summary.tsv. Original sample-size metadata not present in local audit. Four nasal anchor GWAS are listed separately from the 57 comparator traits; current primary downstream analyses retained allergic rhinitis and nasal polyps, while chronic sinusitis/chronic rhinitis were not retained for final interpretable pair-level evidence. External metadata were updated from GWAS Catalog REST or UK Biobank/Pan-UKB public documentation where available. GWAS Catalog reports both European and East Asian strata; table records the European stratum to match LDSC-compatible interpretation.
CHRONIC_RHINITIS_PANUKB_J31	Chronic rhinitis, nasopharyngitis and pharyngitis	CHRONIC_RHINITIS_PANUKB_J31	nasal index phenotype	M0_sinonasal_anchor	Pan-UK Biobank / UK Biobank ICD-10 J31 source phenotype	Pan-UK Biobank / UK Biobank	Pan-UKB ancestry-specific GWAS source; local LDSC row used harmonized European-compatible sumstats	494968	7210	487758	Pan-UKB source summary statistics; local LDSC/locus analyses used harmonized hg19/GRCh37-compatible resources where required	Binary disease GWAS effect estimate; local LDSC used harmonized SNP/A1/A2/Z	2.0798e-05	0.0008	0.0259975	Not available in the nasal-anchor audit	1.005	replacement_nasal_anchor_low_or_not_retained	nasal_anchor_not_retained_for_current_formal_interpretable_analysis	False	0	UK Biobank field 131467 public page reports 7,210 J31 participants; total/control count approximated from UKB/Pan-UKB scale for table completeness	Initial LDSC-screened trait universe from heritability_summary.tsv. Original sample-size metadata not present in local audit. Four nasal anchor GWAS are listed separately from the 57 comparator traits; current primary downstream analyses retained allergic rhinitis and nasal polyps, while chronic sinusitis/chronic rhinitis were not retained for final interpretable pair-level evidence. External metadata were updated from GWAS Catalog REST or UK Biobank/Pan-UKB public documentation where available. Approximate J31 case/control values were filled for table completeness from UK Biobank public field 131467 participant count; use cautiously and do not interpret as final GWAS denominator.
J10_HYPERSPNEUMONI	Hypersensitivity pneumonitis due to organic dust	J10_HYPERSPNEUMONI	non-nasal comparator trait	M2_representative_lung_axis	FinnGen R12 existing phase0 / local harmonized FinnGen input	FinnGen R12	Finnish/European ancestry FinnGen endpoint	495170	575	494595	FinnGen source summary statistics are GRCh38; local LDSC/locus analyses used harmonized hg19/GRCh37-compatible resources where required	Binary endpoint effect estimate, beta on log(OR) scale in FinnGen REGENIE summary statistics; LDSC used harmonized SNP/A1/A2/Z	-0.0001	0.0007	-0.14285714285714288	0.9994	1.0027	low_h2_z_lt2	comparator_flagged_low_h2_power_not_used_for_current_interpretable_LDSC_rg	False	0	Supplementary Table 8 local audit; FinnGen public documentation R10/R12-compatible summary statistics format	One of 57 non-nasal comparator traits in the LDSC h2 power-audit universe from Supplementary Table 8. Rows are retained here regardless of h2 power class for transparent source/QC reporting; low_h2_z_lt2 rows are flagged and not used for current interpretable LDSC rg claims. This comparator is retained in the source table but flagged as low LDSC h2 power and not used for current interpretable LDSC rg claims.
M13_SYSTSLCE	Systemic sclerosis	M13_SYSTSLCE	non-nasal comparator trait	M3_autoimmune_reference_panel	FinnGen R12 existing phase0 / local harmonized FinnGen input	FinnGen R12	Finnish/European ancestry FinnGen endpoint	485114	854	484260	FinnGen source summary statistics are GRCh38; local LDSC/locus analyses used harmonized hg19/GRCh37-compatible resources where required	Binary endpoint effect estimate, beta on log(OR) scale in FinnGen REGENIE summary statistics; LDSC used harmonized SNP/A1/A2/Z	-3.5005e-05	0.0008	-0.04375625	1.0152	1.0127	low_h2_z_lt2	comparator_flagged_low_h2_power_not_used_for_current_interpretable_LDSC_rg	False	0	Supplementary Table 8 local audit; FinnGen public documentation R10/R12-compatible summary statistics format	One of 57 non-nasal comparator traits in the LDSC h2 power-audit universe from Supplementary Table 8. Rows are retained here regardless of h2 power class for transparent source/QC reporting; low_h2_z_lt2 rows are flagged and not used for current interpretable LDSC rg claims. This comparator is retained in the source table but flagged as low LDSC h2 power and not used for current interpretable LDSC rg claims.
J10_VIRALPNEUMO	Viral pneumonia	J10_VIRALPNEUMO	non-nasal comparator trait	M2_representative_lung_axis	FinnGen R12 existing phase0 / local harmonized FinnGen input	FinnGen R12	Finnish/European ancestry FinnGen endpoint	420719	5181	415538	FinnGen source summary statistics are GRCh38; local LDSC/locus analyses used harmonized hg19/GRCh37-compatible resources where required	Binary endpoint effect estimate, beta on log(OR) scale in FinnGen REGENIE summary statistics; LDSC used harmonized SNP/A1/A2/Z	9.8543e-05	0.0009	0.10949222222222221	1.0342	1.0287	low_h2_z_lt2	comparator_flagged_low_h2_power_not_used_for_current_interpretable_LDSC_rg	False	0	Supplementary Table 8 local audit; FinnGen public documentation R10/R12-compatible summary statistics format	One of 57 non-nasal comparator traits in the LDSC h2 power-audit universe from Supplementary Table 8. Rows are retained here regardless of h2 power class for transparent source/QC reporting; low_h2_z_lt2 rows are flagged and not used for current interpretable LDSC rg claims. This comparator is retained in the source table but flagged as low LDSC h2 power and not used for current interpretable LDSC rg claims.
SLE_OTH	Other forms of systemic lupus erythematosus	SLE_OTH	non-nasal comparator trait	M3_autoimmune_reference_panel	FinnGen R12 existing phase0 / local harmonized FinnGen input	FinnGen R12	Finnish/European ancestry FinnGen endpoint	499333	291	499042	FinnGen source summary statistics are GRCh38; local LDSC/locus analyses used harmonized hg19/GRCh37-compatible resources where required	Binary endpoint effect estimate, beta on log(OR) scale in FinnGen REGENIE summary statistics; LDSC used harmonized SNP/A1/A2/Z	0.0002	0.0008	0.25	1.0028	0.9974	low_h2_z_lt2	comparator_flagged_low_h2_power_not_used_for_current_interpretable_LDSC_rg	False	0	Supplementary Table 8 local audit; FinnGen public documentation R10/R12-compatible summary statistics format	One of 57 non-nasal comparator traits in the LDSC h2 power-audit universe from Supplementary Table 8. Rows are retained here regardless of h2 power class for transparent source/QC reporting; low_h2_z_lt2 rows are flagged and not used for current interpretable LDSC rg claims. This comparator is retained in the source table but flagged as low LDSC h2 power and not used for current interpretable LDSC rg claims.
L12_VITILIGO	Vitiligo	L12_VITILIGO	non-nasal comparator trait	M3_autoimmune_reference_panel	FinnGen R12 existing phase0 / local harmonized FinnGen input	FinnGen R12	Finnish/European ancestry FinnGen endpoint	466064	391	465673	FinnGen source summary statistics are GRCh38; local LDSC/locus analyses used harmonized hg19/GRCh37-compatible resources where required	Binary endpoint effect estimate, beta on log(OR) scale in FinnGen REGENIE summary statistics; LDSC used harmonized SNP/A1/A2/Z	0.0004	0.0008	0.5	1.0152	1.0071	low_h2_z_lt2	comparator_flagged_low_h2_power_not_used_for_current_interpretable_LDSC_rg	False	0	Supplementary Table 8 local audit; FinnGen public documentation R10/R12-compatible summary statistics format	One of 57 non-nasal comparator traits in the LDSC h2 power-audit universe from Supplementary Table 8. Rows are retained here regardless of h2 power class for transparent source/QC reporting; low_h2_z_lt2 rows are flagged and not used for current interpretable LDSC rg claims. This comparator is retained in the source table but flagged as low LDSC h2 power and not used for current interpretable LDSC rg claims.
AUTOHEP	Autoimmune hepatitis	AUTOHEP	non-nasal comparator trait	M3_autoimmune_reference_panel	FinnGen R12 existing phase0 / local harmonized FinnGen input	FinnGen R12	Finnish/European ancestry FinnGen endpoint	372537	264	372273	FinnGen source summary statistics are GRCh38; local LDSC/locus analyses used harmonized hg19/GRCh37-compatible resources where required	Binary endpoint effect estimate, beta on log(OR) scale in FinnGen REGENIE summary statistics; LDSC used harmonized SNP/A1/A2/Z	0.0006	0.001	0.6	1.0062	1.0015	low_h2_z_lt2	comparator_flagged_low_h2_power_not_used_for_current_interpretable_LDSC_rg	False	0	Supplementary Table 8 local audit; FinnGen public documentation R10/R12-compatible summary statistics format	One of 57 non-nasal comparator traits in the LDSC h2 power-audit universe from Supplementary Table 8. Rows are retained here regardless of h2 power class for transparent source/QC reporting; low_h2_z_lt2 rows are flagged and not used for current interpretable LDSC rg claims. This comparator is retained in the source table but flagged as low LDSC h2 power and not used for current interpretable LDSC rg claims.
J10_BRONCHNAS	Unspecified chronic bronchitis	J10_BRONCHNAS	non-nasal comparator trait	M2_representative_lung_axis	FinnGen R12 existing phase0 / local harmonized FinnGen input	FinnGen R12	Finnish/European ancestry FinnGen endpoint	410564	1494	409070	FinnGen source summary statistics are GRCh38; local LDSC/locus analyses used harmonized hg19/GRCh37-compatible resources where required	Binary endpoint effect estimate, beta on log(OR) scale in FinnGen REGENIE summary statistics; LDSC used harmonized SNP/A1/A2/Z	0.0007	0.0009	0.7777777777777778	1.0087	0.999	low_h2_z_lt2	comparator_flagged_low_h2_power_not_used_for_current_interpretable_LDSC_rg	False	0	Supplementary Table 8 local audit; FinnGen public documentation R10/R12-compatible summary statistics format	One of 57 non-nasal comparator traits in the LDSC h2 power-audit universe from Supplementary Table 8. Rows are retained here regardless of h2 power class for transparent source/QC reporting; low_h2_z_lt2 rows are flagged and not used for current interpretable LDSC rg claims. This comparator is retained in the source table but flagged as low LDSC h2 power and not used for current interpretable LDSC rg claims.
H8_EUSTNAS	Other disorders of Eustachian tube	H8_EUSTNAS	non-nasal comparator trait	M5_ear_mucosal_inflammation	FinnGen R12 existing phase0 / local harmonized FinnGen input	FinnGen R12	Finnish/European ancestry FinnGen endpoint	466183	1029	465154	FinnGen source summary statistics are GRCh38; local LDSC/locus analyses used harmonized hg19/GRCh37-compatible resources where required	Binary endpoint effect estimate, beta on log(OR) scale in FinnGen REGENIE summary statistics; LDSC used harmonized SNP/A1/A2/Z	0.0008	0.0009	0.888888888888889	1.008	1.001	low_h2_z_lt2	comparator_flagged_low_h2_power_not_used_for_current_interpretable_LDSC_rg	False	0	Supplementary Table 8 local audit; FinnGen public documentation R10/R12-compatible summary statistics format	One of 57 non-nasal comparator traits in the LDSC h2 power-audit universe from Supplementary Table 8. Rows are retained here regardless of h2 power class for transparent source/QC reporting; low_h2_z_lt2 rows are flagged and not used for current interpretable LDSC rg claims. This comparator is retained in the source table but flagged as low LDSC h2 power and not used for current interpretable LDSC rg claims.
G6_MYASTHENIA	Myasthenia gravis	G6_MYASTHENIA	non-nasal comparator trait	M3_autoimmune_reference_panel	FinnGen R12 existing phase0 / local harmonized FinnGen input	FinnGen R12	Finnish/European ancestry FinnGen endpoint	496227	560	495667	FinnGen source summary statistics are GRCh38; local LDSC/locus analyses used harmonized hg19/GRCh37-compatible resources where required	Binary endpoint effect estimate, beta on log(OR) scale in FinnGen REGENIE summary statistics; LDSC used harmonized SNP/A1/A2/Z	0.0011	0.0008	1.375	1.0159	1.0019	low_h2_z_lt2	comparator_flagged_low_h2_power_not_used_for_current_interpretable_LDSC_rg	False	0	Supplementary Table 8 local audit; FinnGen public documentation R10/R12-compatible summary statistics format	One of 57 non-nasal comparator traits in the LDSC h2 power-audit universe from Supplementary Table 8. Rows are retained here regardless of h2 power class for transparent source/QC reporting; low_h2_z_lt2 rows are flagged and not used for current interpretable LDSC rg claims. This comparator is retained in the source table but flagged as low LDSC h2 power and not used for current interpretable LDSC rg claims.
H8_CHRON_SUPOTITIS	Chronic suppurative otitis media	H8_CHRON_SUPOTITIS	non-nasal comparator trait	M5_ear_mucosal_inflammation	FinnGen R12 existing phase0 / local harmonized FinnGen input	FinnGen R12	Finnish/European ancestry FinnGen endpoint	467902	2748	465154	FinnGen source summary statistics are GRCh38; local LDSC/locus analyses used harmonized hg19/GRCh37-compatible resources where required	Binary endpoint effect estimate, beta on log(OR) scale in FinnGen REGENIE summary statistics; LDSC used harmonized SNP/A1/A2/Z	0.0016	0.0011	1.4545454545454546	1.0446	1.0233	low_h2_z_lt2	comparator_flagged_low_h2_power_not_used_for_current_interpretable_LDSC_rg	False	0	Supplementary Table 8 local audit; FinnGen public documentation R10/R12-compatible summary statistics format	One of 57 non-nasal comparator traits in the LDSC h2 power-audit universe from Supplementary Table 8. Rows are retained here regardless of h2 power class for transparent source/QC reporting; low_h2_z_lt2 rows are flagged and not used for current interpretable LDSC rg claims. This comparator is retained in the source table but flagged as low LDSC h2 power and not used for current interpretable LDSC rg claims.
ABPA	Allergic bronchopulmonary aspergillosis (ABPA)	ABPA	non-nasal comparator trait	M1_allergic_type2_axis	FinnGen R12 existing phase0 / local harmonized FinnGen input	FinnGen R12	Finnish/European ancestry FinnGen endpoint	180180	123	180057	FinnGen source summary statistics are GRCh38; local LDSC/locus analyses used harmonized hg19/GRCh37-compatible resources where required	Binary endpoint effect estimate, beta on log(OR) scale in FinnGen REGENIE summary statistics; LDSC used harmonized SNP/A1/A2/Z	0.0033	0.0018	1.8333333333333335	0.9741	0.9609	low_h2_z_lt2	comparator_flagged_low_h2_power_not_used_for_current_interpretable_LDSC_rg	False	0	Supplementary Table 8 local audit; FinnGen public documentation R10/R12-compatible summary statistics format	One of 57 non-nasal comparator traits in the LDSC h2 power-audit universe from Supplementary Table 8. Rows are retained here regardless of h2 power class for transparent source/QC reporting; low_h2_z_lt2 rows are flagged and not used for current interpretable LDSC rg claims. This comparator is retained in the source table but flagged as low LDSC h2 power and not used for current interpretable LDSC rg claims.
J10_PULMEOS	Pulmonary eosinophilia, not elsewhere classified	J10_PULMEOS	non-nasal comparator trait	M2_representative_lung_axis	FinnGen R12 existing phase0 / local harmonized FinnGen input	FinnGen R12	Finnish/European ancestry FinnGen endpoint	493715	414	493301	FinnGen source summary statistics are GRCh38; local LDSC/locus analyses used harmonized hg19/GRCh37-compatible resources where required	Binary endpoint effect estimate, beta on log(OR) scale in FinnGen REGENIE summary statistics; LDSC used harmonized SNP/A1/A2/Z	0.0013	0.0007	1.857142857142857	1.0175	1.0003	low_h2_z_lt2	comparator_flagged_low_h2_power_not_used_for_current_interpretable_LDSC_rg	False	0	Supplementary Table 8 local audit; FinnGen public documentation R10/R12-compatible summary statistics format	One of 57 non-nasal comparator traits in the LDSC h2 power-audit universe from Supplementary Table 8. Rows are retained here regardless of h2 power class for transparent source/QC reporting; low_h2_z_lt2 rows are flagged and not used for current interpretable LDSC rg claims. This comparator is retained in the source table but flagged as low LDSC h2 power and not used for current interpretable LDSC rg claims.
L12_LUPUS	Lupus erythematosus	L12_LUPUS	non-nasal comparator trait	M3_autoimmune_reference_panel	FinnGen R12 existing phase0 / local harmonized FinnGen input	FinnGen R12	Finnish/European ancestry FinnGen endpoint	466523	850	465673	FinnGen source summary statistics are GRCh38; local LDSC/locus analyses used harmonized hg19/GRCh37-compatible resources where required	Binary endpoint effect estimate, beta on log(OR) scale in FinnGen REGENIE summary statistics; LDSC used harmonized SNP/A1/A2/Z	0.0019	0.0009	2.111111111111111	1.025	1.002	borderline_2_to4	comparator_retained_in_current_formal_LDSC_pair_universe_after_h2_QC	False	0	Supplementary Table 8 local audit; FinnGen public documentation R10/R12-compatible summary statistics format	One of 57 non-nasal comparator traits in the LDSC h2 power-audit universe from Supplementary Table 8. Rows are retained here regardless of h2 power class for transparent source/QC reporting; low_h2_z_lt2 rows are flagged and not used for current interpretable LDSC rg claims.
CHIRBIL_PRIM	Primary biliary cholangitis (PBC)	CHIRBIL_PRIM	non-nasal comparator trait	M3_autoimmune_reference_panel	FinnGen R12 existing phase0 / local harmonized FinnGen input	FinnGen R12	Finnish/European ancestry FinnGen endpoint	373033	760	372273	FinnGen source summary statistics are GRCh38; local LDSC/locus analyses used harmonized hg19/GRCh37-compatible resources where required	Binary endpoint effect estimate, beta on log(OR) scale in FinnGen REGENIE summary statistics; LDSC used harmonized SNP/A1/A2/Z	0.0024	0.0011	2.1818181818181817	1.0513	1.0269	borderline_2_to4	comparator_retained_in_current_formal_LDSC_pair_universe_after_h2_QC	False	0	Supplementary Table 8 local audit; FinnGen public documentation R10/R12-compatible summary statistics format	One of 57 non-nasal comparator traits in the LDSC h2 power-audit universe from Supplementary Table 8. Rows are retained here regardless of h2 power class for transparent source/QC reporting; low_h2_z_lt2 rows are flagged and not used for current interpretable LDSC rg claims.
J10_BRONCHIECTASIS	Bronchiectasis	J10_BRONCHIECTASIS	non-nasal comparator trait	M2_representative_lung_axis	FinnGen R12 existing phase0 / local harmonized FinnGen input	FinnGen R12	Finnish/European ancestry FinnGen endpoint	412002	2932	409070	FinnGen source summary statistics are GRCh38; local LDSC/locus analyses used harmonized hg19/GRCh37-compatible resources where required	Binary endpoint effect estimate, beta on log(OR) scale in FinnGen REGENIE summary statistics; LDSC used harmonized SNP/A1/A2/Z	0.002	0.0009	2.2222222222222223	1.0352	1.0144	borderline_2_to4	comparator_retained_in_current_formal_LDSC_pair_universe_after_h2_QC	False	0	Supplementary Table 8 local audit; FinnGen public documentation R10/R12-compatible summary statistics format	One of 57 non-nasal comparator traits in the LDSC h2 power-audit universe from Supplementary Table 8. Rows are retained here regardless of h2 power class for transparent source/QC reporting; low_h2_z_lt2 rows are flagged and not used for current interpretable LDSC rg claims.
K11_COELIAC	Coeliac disease	K11_COELIAC	non-nasal comparator trait	M3_autoimmune_reference_panel	FinnGen R12 existing phase0 / local harmonized FinnGen input	FinnGen R12	Finnish/European ancestry FinnGen endpoint	483319	5130	478189	FinnGen source summary statistics are GRCh38; local LDSC/locus analyses used harmonized hg19/GRCh37-compatible resources where required	Binary endpoint effect estimate, beta on log(OR) scale in FinnGen REGENIE summary statistics; LDSC used harmonized SNP/A1/A2/Z	0.01	0.0038	2.6315789473684212	1.1896	1.0839	borderline_2_to4	comparator_retained_in_current_formal_LDSC_pair_universe_after_h2_QC	True	1	Supplementary Table 8 local audit; FinnGen public documentation R10/R12-compatible summary statistics format	One of 57 non-nasal comparator traits in the LDSC h2 power-audit universe from Supplementary Table 8. Rows are retained here regardless of h2 power class for transparent source/QC reporting; low_h2_z_lt2 rows are flagged and not used for current interpretable LDSC rg claims.
IPF	Idiopathic pulmonary fibrosis	IPF	non-nasal comparator trait	M2_representative_lung_axis	FinnGen R12 existing phase0 / local harmonized FinnGen input	FinnGen R12	Finnish/European ancestry FinnGen endpoint	497283	2700	494583	FinnGen source summary statistics are GRCh38; local LDSC/locus analyses used harmonized hg19/GRCh37-compatible resources where required	Binary endpoint effect estimate, beta on log(OR) scale in FinnGen REGENIE summary statistics; LDSC used harmonized SNP/A1/A2/Z	0.0035	0.0013	2.6923076923076925	1.0902	1.0524	borderline_2_to4	comparator_retained_in_current_formal_LDSC_pair_universe_after_h2_QC	False	0	Supplementary Table 8 local audit; FinnGen public documentation R10/R12-compatible summary statistics format	One of 57 non-nasal comparator traits in the LDSC h2 power-audit universe from Supplementary Table 8. Rows are retained here regardless of h2 power class for transparent source/QC reporting; low_h2_z_lt2 rows are flagged and not used for current interpretable LDSC rg claims.
H8_EUSTSALP	Eustachian salpingitis and obstruction	H8_EUSTSALP	non-nasal comparator trait	M5_ear_mucosal_inflammation	FinnGen R12 existing phase0 / local harmonized FinnGen input	FinnGen R12	Finnish/European ancestry FinnGen endpoint	468500	3346	465154	FinnGen source summary statistics are GRCh38; local LDSC/locus analyses used harmonized hg19/GRCh37-compatible resources where required	Binary endpoint effect estimate, beta on log(OR) scale in FinnGen REGENIE summary statistics; LDSC used harmonized SNP/A1/A2/Z	0.0027	0.001	2.7	1.0582	1.0271	borderline_2_to4	comparator_retained_in_current_formal_LDSC_pair_universe_after_h2_QC	True	1	Supplementary Table 8 local audit; FinnGen public documentation R10/R12-compatible summary statistics format	One of 57 non-nasal comparator traits in the LDSC h2 power-audit universe from Supplementary Table 8. Rows are retained here regardless of h2 power class for transparent source/QC reporting; low_h2_z_lt2 rows are flagged and not used for current interpretable LDSC rg claims.
ILD_ENDPOINTS	Interstitial lung disease endpoints	ILD_ENDPOINTS	non-nasal comparator trait	M2_representative_lung_axis	FinnGen R12 existing phase0 / local harmonized FinnGen input	FinnGen R12	Finnish/European ancestry FinnGen endpoint	500348	5765	494583	FinnGen source summary statistics are GRCh38; local LDSC/locus analyses used harmonized hg19/GRCh37-compatible resources where required	Binary endpoint effect estimate, beta on log(OR) scale in FinnGen REGENIE summary statistics; LDSC used harmonized SNP/A1/A2/Z	0.0037	0.0012	3.083333333333334	1.0949	1.0533	borderline_2_to4	comparator_retained_in_current_formal_LDSC_pair_universe_after_h2_QC	False	0	Supplementary Table 8 local audit; FinnGen public documentation R10/R12-compatible summary statistics format	One of 57 non-nasal comparator traits in the LDSC h2 power-audit universe from Supplementary Table 8. Rows are retained here regardless of h2 power class for transparent source/QC reporting; low_h2_z_lt2 rows are flagged and not used for current interpretable LDSC rg claims.
H8_EXT_INFNAS	Other infective otitis externa	H8_EXT_INFNAS	non-nasal comparator trait	M5_ear_mucosal_inflammation	FinnGen R12 existing phase0 / local harmonized FinnGen input	FinnGen R12	Finnish/European ancestry FinnGen endpoint	487529	2237	485292	FinnGen source summary statistics are GRCh38; local LDSC/locus analyses used harmonized hg19/GRCh37-compatible resources where required	Binary endpoint effect estimate, beta on log(OR) scale in FinnGen REGENIE summary statistics; LDSC used harmonized SNP/A1/A2/Z	0.0025	0.0008	3.125	1.0348	1.0068	borderline_2_to4	comparator_retained_in_current_formal_LDSC_pair_universe_after_h2_QC	False	0	Supplementary Table 8 local audit; FinnGen public documentation R10/R12-compatible summary statistics format	One of 57 non-nasal comparator traits in the LDSC h2 power-audit universe from Supplementary Table 8. Rows are retained here regardless of h2 power class for transparent source/QC reporting; low_h2_z_lt2 rows are flagged and not used for current interpretable LDSC rg claims.
H8_EXTOTITIS	Otitis externa	H8_EXTOTITIS	non-nasal comparator trait	M5_ear_mucosal_inflammation	FinnGen R12 existing phase0 / local harmonized FinnGen input	FinnGen R12	Finnish/European ancestry FinnGen endpoint	494763	9471	485292	FinnGen source summary statistics are GRCh38; local LDSC/locus analyses used harmonized hg19/GRCh37-compatible resources where required	Binary endpoint effect estimate, beta on log(OR) scale in FinnGen REGENIE summary statistics; LDSC used harmonized SNP/A1/A2/Z	0.0029	0.0009	3.222222222222222	1.0814	1.0407	borderline_2_to4	comparator_retained_in_current_formal_LDSC_pair_universe_after_h2_QC	False	0	Supplementary Table 8 local audit; FinnGen public documentation R10/R12-compatible summary statistics format	One of 57 non-nasal comparator traits in the LDSC h2 power-audit universe from Supplementary Table 8. Rows are retained here regardless of h2 power class for transparent source/QC reporting; low_h2_z_lt2 rows are flagged and not used for current interpretable LDSC rg claims.
H8_EXT_OTH	Other otitis externa (chronic)	H8_EXT_OTH	non-nasal comparator trait	M5_ear_mucosal_inflammation	FinnGen R12 existing phase0 / local harmonized FinnGen input	FinnGen R12	Finnish/European ancestry FinnGen endpoint	487692	2400	485292	FinnGen source summary statistics are GRCh38; local LDSC/locus analyses used harmonized hg19/GRCh37-compatible resources where required	Binary endpoint effect estimate, beta on log(OR) scale in FinnGen REGENIE summary statistics; LDSC used harmonized SNP/A1/A2/Z	0.0024	0.0007	3.4285714285714284	1.0326	1.0027	borderline_2_to4	comparator_retained_in_current_formal_LDSC_pair_universe_after_h2_QC	False	0	Supplementary Table 8 local audit; FinnGen public documentation R10/R12-compatible summary statistics format	One of 57 non-nasal comparator traits in the LDSC h2 power-audit universe from Supplementary Table 8. Rows are retained here regardless of h2 power class for transparent source/QC reporting; low_h2_z_lt2 rows are flagged and not used for current interpretable LDSC rg claims.
J10_BRONCHITIS	Acute bronchitis	J10_BRONCHITIS	non-nasal comparator trait	M2_representative_lung_axis	FinnGen R12 existing phase0 / local harmonized FinnGen input	FinnGen R12	Finnish/European ancestry FinnGen endpoint	492568	20762	471806	FinnGen source summary statistics are GRCh38; local LDSC/locus analyses used harmonized hg19/GRCh37-compatible resources where required	Binary endpoint effect estimate, beta on log(OR) scale in FinnGen REGENIE summary statistics; LDSC used harmonized SNP/A1/A2/Z	0.0032	0.0009	3.555555555555556	1.0877	1.0469	borderline_2_to4	comparator_retained_in_current_formal_LDSC_pair_universe_after_h2_QC	True	1	Supplementary Table 8 local audit; FinnGen public documentation R10/R12-compatible summary statistics format	One of 57 non-nasal comparator traits in the LDSC h2 power-audit universe from Supplementary Table 8. Rows are retained here regardless of h2 power class for transparent source/QC reporting; low_h2_z_lt2 rows are flagged and not used for current interpretable LDSC rg claims.
T1D	Type 1 diabetes, definitions combined	T1D	non-nasal comparator trait	M3_autoimmune_reference_panel	FinnGen R12 existing phase0 / local harmonized FinnGen input	FinnGen R12	Finnish/European ancestry FinnGen endpoint	408210	4721	403489	FinnGen source summary statistics are GRCh38; local LDSC/locus analyses used harmonized hg19/GRCh37-compatible resources where required	Binary endpoint effect estimate, beta on log(OR) scale in FinnGen REGENIE summary statistics; LDSC used harmonized SNP/A1/A2/Z	0.0062	0.0016	3.8749999999999996	1.129	1.0592	borderline_2_to4	comparator_retained_in_current_formal_LDSC_pair_universe_after_h2_QC	False	0	Supplementary Table 8 local audit; FinnGen public documentation R10/R12-compatible summary statistics format	One of 57 non-nasal comparator traits in the LDSC h2 power-audit universe from Supplementary Table 8. Rows are retained here regardless of h2 power class for transparent source/QC reporting; low_h2_z_lt2 rows are flagged and not used for current interpretable LDSC rg claims.
M13_ANKYLOSPON	Ankylosing spondylitis	M13_ANKYLOSPON	non-nasal comparator trait	M3_autoimmune_reference_panel	FinnGen R12 existing phase0 / local harmonized FinnGen input	FinnGen R12	Finnish/European ancestry FinnGen endpoint	357062	3838	353224	FinnGen source summary statistics are GRCh38; local LDSC/locus analyses used harmonized hg19/GRCh37-compatible resources where required	Binary endpoint effect estimate, beta on log(OR) scale in FinnGen REGENIE summary statistics; LDSC used harmonized SNP/A1/A2/Z	0.0065	0.0016	4.0625	1.1176	1.062	adequate_ge4	comparator_retained_in_current_formal_LDSC_pair_universe_after_h2_QC	False	0	Supplementary Table 8 local audit; FinnGen public documentation R10/R12-compatible summary statistics format	One of 57 non-nasal comparator traits in the LDSC h2 power-audit universe from Supplementary Table 8. Rows are retained here regardless of h2 power class for transparent source/QC reporting; low_h2_z_lt2 rows are flagged and not used for current interpretable LDSC rg claims.
J10_INFLUENZA	All influenza	J10_INFLUENZA	non-nasal comparator trait	M2_representative_lung_axis	FinnGen R12 existing phase0 / local harmonized FinnGen input	FinnGen R12	Finnish/European ancestry FinnGen endpoint	427096	11558	415538	FinnGen source summary statistics are GRCh38; local LDSC/locus analyses used harmonized hg19/GRCh37-compatible resources where required	Binary endpoint effect estimate, beta on log(OR) scale in FinnGen REGENIE summary statistics; LDSC used harmonized SNP/A1/A2/Z	0.0051	0.0012	4.250000000000001	1.0656	1.0142	adequate_ge4	comparator_retained_in_current_formal_LDSC_pair_universe_after_h2_QC	False	0	Supplementary Table 8 local audit; FinnGen public documentation R10/R12-compatible summary statistics format	One of 57 non-nasal comparator traits in the LDSC h2 power-audit universe from Supplementary Table 8. Rows are retained here regardless of h2 power class for transparent source/QC reporting; low_h2_z_lt2 rows are flagged and not used for current interpretable LDSC rg claims.
K11_CD_STRICT2	Crohn disease (strict definition, require KELA, min 2 HDR)	K11_CD_STRICT2	non-nasal comparator trait	M4_gi_mucosal_immune_axis	FinnGen R12 existing phase0 / local harmonized FinnGen input	FinnGen R12	Finnish/European ancestry FinnGen endpoint	500111	2489	497622	FinnGen source summary statistics are GRCh38; local LDSC/locus analyses used harmonized hg19/GRCh37-compatible resources where required	Binary endpoint effect estimate, beta on log(OR) scale in FinnGen REGENIE summary statistics; LDSC used harmonized SNP/A1/A2/Z	0.005	0.0011	4.545454545454545	1.114	1.0499	adequate_ge4	comparator_retained_in_current_formal_LDSC_pair_universe_after_h2_QC	True	1	Supplementary Table 8 local audit; FinnGen public documentation R10/R12-compatible summary statistics format	One of 57 non-nasal comparator traits in the LDSC h2 power-audit universe from Supplementary Table 8. Rows are retained here regardless of h2 power class for transparent source/QC reporting; low_h2_z_lt2 rows are flagged and not used for current interpretable LDSC rg claims.
ASTHMA_EOSINOPHIL_SUGG	Suggestive for eosinophilic asthma	ASTHMA_EOSINOPHIL_SUGG	non-nasal comparator trait	M1_allergic_type2_axis	FinnGen R12 existing phase0 / local harmonized FinnGen input	FinnGen R12	Finnish/European ancestry FinnGen endpoint	444813	3565	441248	FinnGen source summary statistics are GRCh38; local LDSC/locus analyses used harmonized hg19/GRCh37-compatible resources where required	Binary endpoint effect estimate, beta on log(OR) scale in FinnGen REGENIE summary statistics; LDSC used harmonized SNP/A1/A2/Z	0.0078	0.0017	4.588235294117647	1.1637	1.0731	adequate_ge4	comparator_retained_in_current_formal_LDSC_pair_universe_after_h2_QC	True	2	Supplementary Table 8 local audit; FinnGen public documentation R10/R12-compatible summary statistics format	One of 57 non-nasal comparator traits in the LDSC h2 power-audit universe from Supplementary Table 8. Rows are retained here regardless of h2 power class for transparent source/QC reporting; low_h2_z_lt2 rows are flagged and not used for current interpretable LDSC rg claims.
J10_PNEUMOBACT	Bacterial pneumoniae	J10_PNEUMOBACT	non-nasal comparator trait	M2_representative_lung_axis	FinnGen R12 existing phase0 / local harmonized FinnGen input	FinnGen R12	Finnish/European ancestry FinnGen endpoint	437120	21582	415538	FinnGen source summary statistics are GRCh38; local LDSC/locus analyses used harmonized hg19/GRCh37-compatible resources where required	Binary endpoint effect estimate, beta on log(OR) scale in FinnGen REGENIE summary statistics; LDSC used harmonized SNP/A1/A2/Z	0.0047	0.001	4.7	1.0977	1.0479	adequate_ge4	comparator_retained_in_current_formal_LDSC_pair_universe_after_h2_QC	True	1	Supplementary Table 8 local audit; FinnGen public documentation R10/R12-compatible summary statistics format	One of 57 non-nasal comparator traits in the LDSC h2 power-audit universe from Supplementary Table 8. Rows are retained here regardless of h2 power class for transparent source/QC reporting; low_h2_z_lt2 rows are flagged and not used for current interpretable LDSC rg claims.
G6_MS	MS-disease / Multiple Sclerosis	G6_MS	non-nasal comparator trait	M3_autoimmune_reference_panel	FinnGen R12 existing phase0 / local harmonized FinnGen input	FinnGen R12	Finnish/European ancestry FinnGen endpoint	498857	2926	495931	FinnGen source summary statistics are GRCh38; local LDSC/locus analyses used harmonized hg19/GRCh37-compatible resources where required	Binary endpoint effect estimate, beta on log(OR) scale in FinnGen REGENIE summary statistics; LDSC used harmonized SNP/A1/A2/Z	0.0049	0.001	4.8999999999999995	1.1128	1.048	adequate_ge4	comparator_retained_in_current_formal_LDSC_pair_universe_after_h2_QC	False	0	Supplementary Table 8 local audit; FinnGen public documentation R10/R12-compatible summary statistics format	One of 57 non-nasal comparator traits in the LDSC h2 power-audit universe from Supplementary Table 8. Rows are retained here regardless of h2 power class for transparent source/QC reporting; low_h2_z_lt2 rows are flagged and not used for current interpretable LDSC rg claims.
J10_EMPHYSEMA	Emphysema	J10_EMPHYSEMA	non-nasal comparator trait	M2_representative_lung_axis	FinnGen R12 existing phase0 / local harmonized FinnGen input	FinnGen R12	Finnish/European ancestry FinnGen endpoint	411781	2711	409070	FinnGen source summary statistics are GRCh38; local LDSC/locus analyses used harmonized hg19/GRCh37-compatible resources where required	Binary endpoint effect estimate, beta on log(OR) scale in FinnGen REGENIE summary statistics; LDSC used harmonized SNP/A1/A2/Z	0.0054	0.0011	4.909090909090909	1.0766	1.023	adequate_ge4	comparator_retained_in_current_formal_LDSC_pair_universe_after_h2_QC	False	0	Supplementary Table 8 local audit; FinnGen public documentation R10/R12-compatible summary statistics format	One of 57 non-nasal comparator traits in the LDSC h2 power-audit universe from Supplementary Table 8. Rows are retained here regardless of h2 power class for transparent source/QC reporting; low_h2_z_lt2 rows are flagged and not used for current interpretable LDSC rg claims.
H8_NONSUPPNAS	Nonsuppurative otitis media	H8_NONSUPPNAS	non-nasal comparator trait	M5_ear_mucosal_inflammation	FinnGen R12 existing phase0 / local harmonized FinnGen input	FinnGen R12	Finnish/European ancestry FinnGen endpoint	477297	12143	465154	FinnGen source summary statistics are GRCh38; local LDSC/locus analyses used harmonized hg19/GRCh37-compatible resources where required	Binary endpoint effect estimate, beta on log(OR) scale in FinnGen REGENIE summary statistics; LDSC used harmonized SNP/A1/A2/Z	0.0056	0.0011	5.090909090909091	1.1126	1.0455	adequate_ge4	comparator_retained_in_current_formal_LDSC_pair_universe_after_h2_QC	False	0	Supplementary Table 8 local audit; FinnGen public documentation R10/R12-compatible summary statistics format	One of 57 non-nasal comparator traits in the LDSC h2 power-audit universe from Supplementary Table 8. Rows are retained here regardless of h2 power class for transparent source/QC reporting; low_h2_z_lt2 rows are flagged and not used for current interpretable LDSC rg claims.
ASTHMA_CHILD_EXMORE	Childhood asthma (age<16) (more control exclusions)	ASTHMA_CHILD_EXMORE	non-nasal comparator trait	M1_allergic_type2_axis	FinnGen R12 existing phase0 / local harmonized FinnGen input	FinnGen R12	Finnish/European ancestry FinnGen endpoint	268241	8402	259839	FinnGen source summary statistics are GRCh38; local LDSC/locus analyses used harmonized hg19/GRCh37-compatible resources where required	Binary endpoint effect estimate, beta on log(OR) scale in FinnGen REGENIE summary statistics; LDSC used harmonized SNP/A1/A2/Z	0.0207	0.004	5.175	1.251	1.116	adequate_ge4	comparator_adequate_h2_but_not_carried_forward_in_current_formal_pair_design	False	0	Supplementary Table 8 local audit; FinnGen public documentation R10/R12-compatible summary statistics format	One of 57 non-nasal comparator traits in the LDSC h2 power-audit universe from Supplementary Table 8. Rows are retained here regardless of h2 power class for transparent source/QC reporting; low_h2_z_lt2 rows are flagged and not used for current interpretable LDSC rg claims.
CHRONNAS	Crohn's disease NAS	CHRONNAS	non-nasal comparator trait	M4_gi_mucosal_immune_axis	FinnGen R12 existing phase0 / local harmonized FinnGen input	FinnGen R12	Finnish/European ancestry FinnGen endpoint	479179	2602	476577	FinnGen source summary statistics are GRCh38; local LDSC/locus analyses used harmonized hg19/GRCh37-compatible resources where required	Binary endpoint effect estimate, beta on log(OR) scale in FinnGen REGENIE summary statistics; LDSC used harmonized SNP/A1/A2/Z	0.0057	0.0011	5.181818181818182	1.1177	1.0515	adequate_ge4	comparator_retained_in_current_formal_LDSC_pair_universe_after_h2_QC	False	0	Supplementary Table 8 local audit; FinnGen public documentation R10/R12-compatible summary statistics format	One of 57 non-nasal comparator traits in the LDSC h2 power-audit universe from Supplementary Table 8. Rows are retained here regardless of h2 power class for transparent source/QC reporting; low_h2_z_lt2 rows are flagged and not used for current interpretable LDSC rg claims.
RHEUMA_SEROPOS_WIDE	Seropositive rheumatoid arthritis, wide	RHEUMA_SEROPOS_WIDE	non-nasal comparator trait	M3_autoimmune_reference_panel	FinnGen R12 existing phase0 / local harmonized FinnGen input	FinnGen R12	Finnish/European ancestry FinnGen endpoint	500343	11918	488425	FinnGen source summary statistics are GRCh38; local LDSC/locus analyses used harmonized hg19/GRCh37-compatible resources where required	Binary endpoint effect estimate, beta on log(OR) scale in FinnGen REGENIE summary statistics; LDSC used harmonized SNP/A1/A2/Z	0.0084	0.0016	5.249999999999999	1.2421	1.1216	adequate_ge4	comparator_retained_in_current_formal_LDSC_pair_universe_after_h2_QC	True	1	Supplementary Table 8 local audit; FinnGen public documentation R10/R12-compatible summary statistics format	One of 57 non-nasal comparator traits in the LDSC h2 power-audit universe from Supplementary Table 8. Rows are retained here regardless of h2 power class for transparent source/QC reporting; low_h2_z_lt2 rows are flagged and not used for current interpretable LDSC rg claims.
D3_SARCOIDOSIS	Sarcoidosis	D3_SARCOIDOSIS	non-nasal comparator trait	M3_autoimmune_reference_panel	FinnGen R12 existing phase0 / local harmonized FinnGen input	FinnGen R12	Finnish/European ancestry FinnGen endpoint	497722	5411	492311	FinnGen source summary statistics are GRCh38; local LDSC/locus analyses used harmonized hg19/GRCh37-compatible resources where required	Binary endpoint effect estimate, beta on log(OR) scale in FinnGen REGENIE summary statistics; LDSC used harmonized SNP/A1/A2/Z	0.0074	0.0014	5.285714285714286	1.1415	1.0514	adequate_ge4	comparator_retained_in_current_formal_LDSC_pair_universe_after_h2_QC	False	0	Supplementary Table 8 local audit; FinnGen public documentation R10/R12-compatible summary statistics format	One of 57 non-nasal comparator traits in the LDSC h2 power-audit universe from Supplementary Table 8. Rows are retained here regardless of h2 power class for transparent source/QC reporting; low_h2_z_lt2 rows are flagged and not used for current interpretable LDSC rg claims.
H8_SUP_ACUTE	Acute suppurative otitis media	H8_SUP_ACUTE	non-nasal comparator trait	M5_ear_mucosal_inflammation	FinnGen R12 existing phase0 / local harmonized FinnGen input	FinnGen R12	Finnish/European ancestry FinnGen endpoint	479249	14095	465154	FinnGen source summary statistics are GRCh38; local LDSC/locus analyses used harmonized hg19/GRCh37-compatible resources where required	Binary endpoint effect estimate, beta on log(OR) scale in FinnGen REGENIE summary statistics; LDSC used harmonized SNP/A1/A2/Z	0.0054	0.0009	6.000000000000001	1.0969	1.0332	adequate_ge4	comparator_retained_in_current_formal_LDSC_pair_universe_after_h2_QC	True	1	Supplementary Table 8 local audit; FinnGen public documentation R10/R12-compatible summary statistics format	One of 57 non-nasal comparator traits in the LDSC h2 power-audit universe from Supplementary Table 8. Rows are retained here regardless of h2 power class for transparent source/QC reporting; low_h2_z_lt2 rows are flagged and not used for current interpretable LDSC rg claims.
ULCERNAS	Ulcerative colitis, NAS	ULCERNAS	non-nasal comparator trait	M4_gi_mucosal_immune_axis	FinnGen R12 existing phase0 / local harmonized FinnGen input	FinnGen R12	Finnish/European ancestry FinnGen endpoint	482657	6080	476577	FinnGen source summary statistics are GRCh38; local LDSC/locus analyses used harmonized hg19/GRCh37-compatible resources where required	Binary endpoint effect estimate, beta on log(OR) scale in FinnGen REGENIE summary statistics; LDSC used harmonized SNP/A1/A2/Z	0.0093	0.0015	6.199999999999999	1.1804	1.0703	adequate_ge4	comparator_retained_in_current_formal_LDSC_pair_universe_after_h2_QC	False	0	Supplementary Table 8 local audit; FinnGen public documentation R10/R12-compatible summary statistics format	One of 57 non-nasal comparator traits in the LDSC h2 power-audit universe from Supplementary Table 8. Rows are retained here regardless of h2 power class for transparent source/QC reporting; low_h2_z_lt2 rows are flagged and not used for current interpretable LDSC rg claims.
NONALLERG_ASTHMA_EXMORE	Non-allergic asthma (mode) (more control exclusions)	NONALLERG_ASTHMA_EXMORE	non-nasal comparator trait	M1_allergic_type2_axis	FinnGen R12 existing phase0 / local harmonized FinnGen input	FinnGen R12	Finnish/European ancestry FinnGen endpoint	269597	9758	259839	FinnGen source summary statistics are GRCh38; local LDSC/locus analyses used harmonized hg19/GRCh37-compatible resources where required	Binary endpoint effect estimate, beta on log(OR) scale in FinnGen REGENIE summary statistics; LDSC used harmonized SNP/A1/A2/Z	0.0121	0.0019	6.368421052631579	1.1423	1.0651	adequate_ge4	comparator_retained_in_current_formal_LDSC_pair_universe_after_h2_QC	True	1	Supplementary Table 8 local audit; FinnGen public documentation R10/R12-compatible summary statistics format	One of 57 non-nasal comparator traits in the LDSC h2 power-audit universe from Supplementary Table 8. Rows are retained here regardless of h2 power class for transparent source/QC reporting; low_h2_z_lt2 rows are flagged and not used for current interpretable LDSC rg claims.
L12_ATOPIC	Atopic dermatitis	L12_ATOPIC	non-nasal comparator trait	M1_allergic_type2_axis	FinnGen R12 existing phase0 / local harmonized FinnGen input	FinnGen R12	Finnish/European ancestry FinnGen endpoint	464119	31245	432874	FinnGen source summary statistics are GRCh38; local LDSC/locus analyses used harmonized hg19/GRCh37-compatible resources where required	Binary endpoint effect estimate, beta on log(OR) scale in FinnGen REGENIE summary statistics; LDSC used harmonized SNP/A1/A2/Z	0.0181	0.0028	6.464285714285715	1.3641	1.1605	adequate_ge4	comparator_retained_in_current_formal_LDSC_pair_universe_after_h2_QC	True	2	Supplementary Table 8 local audit; FinnGen public documentation R10/R12-compatible summary statistics format	One of 57 non-nasal comparator traits in the LDSC h2 power-audit universe from Supplementary Table 8. Rows are retained here regardless of h2 power class for transparent source/QC reporting; low_h2_z_lt2 rows are flagged and not used for current interpretable LDSC rg claims.
L12_PSORI_VULG	Psoriasis vulgaris	L12_PSORI_VULG	non-nasal comparator trait	M3_autoimmune_reference_panel	FinnGen R12 existing phase0 / local harmonized FinnGen input	FinnGen R12	Finnish/European ancestry FinnGen endpoint	490093	7912	482181	FinnGen source summary statistics are GRCh38; local LDSC/locus analyses used harmonized hg19/GRCh37-compatible resources where required	Binary endpoint effect estimate, beta on log(OR) scale in FinnGen REGENIE summary statistics; LDSC used harmonized SNP/A1/A2/Z	0.0093	0.0014	6.642857142857142	1.2005	1.0891	adequate_ge4	comparator_retained_in_current_formal_LDSC_pair_universe_after_h2_QC	False	0	Supplementary Table 8 local audit; FinnGen public documentation R10/R12-compatible summary statistics format	One of 57 non-nasal comparator traits in the LDSC h2 power-audit universe from Supplementary Table 8. Rows are retained here regardless of h2 power class for transparent source/QC reporting; low_h2_z_lt2 rows are flagged and not used for current interpretable LDSC rg claims.
M13_RHEUMA	Rheumatoid arthritis	M13_RHEUMA	non-nasal comparator trait	M3_autoimmune_reference_panel	FinnGen R12 existing phase0 / local harmonized FinnGen input	FinnGen R12	Finnish/European ancestry FinnGen endpoint	331429	16314	315115	FinnGen source summary statistics are GRCh38; local LDSC/locus analyses used harmonized hg19/GRCh37-compatible resources where required	Binary endpoint effect estimate, beta on log(OR) scale in FinnGen REGENIE summary statistics; LDSC used harmonized SNP/A1/A2/Z	0.0165	0.0024	6.875000000000001	1.2697	1.1192	adequate_ge4	comparator_retained_in_current_formal_LDSC_pair_universe_after_h2_QC	True	2	Supplementary Table 8 local audit; FinnGen public documentation R10/R12-compatible summary statistics format	One of 57 non-nasal comparator traits in the LDSC h2 power-audit universe from Supplementary Table 8. Rows are retained here regardless of h2 power class for transparent source/QC reporting; low_h2_z_lt2 rows are flagged and not used for current interpretable LDSC rg claims.
J10_PNEUMONIA	All pneumoniae	J10_PNEUMONIA	non-nasal comparator trait	M2_representative_lung_axis	FinnGen R12 existing phase0 / local harmonized FinnGen input	FinnGen R12	Finnish/European ancestry FinnGen endpoint	500348	78791	421557	FinnGen source summary statistics are GRCh38; local LDSC/locus analyses used harmonized hg19/GRCh37-compatible resources where required	Binary endpoint effect estimate, beta on log(OR) scale in FinnGen REGENIE summary statistics; LDSC used harmonized SNP/A1/A2/Z	0.0091	0.0012	7.583333333333335	1.1795	1.0721	adequate_ge4	comparator_retained_in_current_formal_LDSC_pair_universe_after_h2_QC	True	1	Supplementary Table 8 local audit; FinnGen public documentation R10/R12-compatible summary statistics format	One of 57 non-nasal comparator traits in the LDSC h2 power-audit universe from Supplementary Table 8. Rows are retained here regardless of h2 power class for transparent source/QC reporting; low_h2_z_lt2 rows are flagged and not used for current interpretable LDSC rg claims.
K11_UC_STRICT2	Ulcerative colitis (strict definition, require KELA, min 2 HDR)	K11_UC_STRICT2	non-nasal comparator trait	M4_gi_mucosal_immune_axis	FinnGen R12 existing phase0 / local harmonized FinnGen input	FinnGen R12	Finnish/European ancestry FinnGen endpoint	499380	7220	492160	FinnGen source summary statistics are GRCh38; local LDSC/locus analyses used harmonized hg19/GRCh37-compatible resources where required	Binary endpoint effect estimate, beta on log(OR) scale in FinnGen REGENIE summary statistics; LDSC used harmonized SNP/A1/A2/Z	0.0137	0.0018	7.611111111111112	1.2755	1.1101	adequate_ge4	comparator_retained_in_current_formal_LDSC_pair_universe_after_h2_QC	False	0	Supplementary Table 8 local audit; FinnGen public documentation R10/R12-compatible summary statistics format	One of 57 non-nasal comparator traits in the LDSC h2 power-audit universe from Supplementary Table 8. Rows are retained here regardless of h2 power class for transparent source/QC reporting; low_h2_z_lt2 rows are flagged and not used for current interpretable LDSC rg claims.
H8_MED_SUPP	Suppurative and unspecified otitis media	H8_MED_SUPP	non-nasal comparator trait	M5_ear_mucosal_inflammation	FinnGen R12 existing phase0 / local harmonized FinnGen input	FinnGen R12	Finnish/European ancestry FinnGen endpoint	485626	20472	465154	FinnGen source summary statistics are GRCh38; local LDSC/locus analyses used harmonized hg19/GRCh37-compatible resources where required	Binary endpoint effect estimate, beta on log(OR) scale in FinnGen REGENIE summary statistics; LDSC used harmonized SNP/A1/A2/Z	0.0077	0.001	7.7	1.1292	1.0382	adequate_ge4	comparator_retained_in_current_formal_LDSC_pair_universe_after_h2_QC	False	0	Supplementary Table 8 local audit; FinnGen public documentation R10/R12-compatible summary statistics format	One of 57 non-nasal comparator traits in the LDSC h2 power-audit universe from Supplementary Table 8. Rows are retained here regardless of h2 power class for transparent source/QC reporting; low_h2_z_lt2 rows are flagged and not used for current interpretable LDSC rg claims.
L12_PSORIASIS	Psoriasis	L12_PSORIASIS	non-nasal comparator trait	M3_autoimmune_reference_panel	FinnGen R12 existing phase0 / local harmonized FinnGen input	FinnGen R12	Finnish/European ancestry FinnGen endpoint	494941	12760	482181	FinnGen source summary statistics are GRCh38; local LDSC/locus analyses used harmonized hg19/GRCh37-compatible resources where required	Binary endpoint effect estimate, beta on log(OR) scale in FinnGen REGENIE summary statistics; LDSC used harmonized SNP/A1/A2/Z	0.0124	0.0016	7.749999999999999	1.2585	1.1082	adequate_ge4	comparator_retained_in_current_formal_LDSC_pair_universe_after_h2_QC	True	1	Supplementary Table 8 local audit; FinnGen public documentation R10/R12-compatible summary statistics format	One of 57 non-nasal comparator traits in the LDSC h2 power-audit universe from Supplementary Table 8. Rows are retained here regardless of h2 power class for transparent source/QC reporting; low_h2_z_lt2 rows are flagged and not used for current interpretable LDSC rg claims.
ALLERG_ASTHMA	Allergic asthma (mode)	ALLERG_ASTHMA	non-nasal comparator trait	M1_allergic_type2_axis	FinnGen R12 existing phase0 / local harmonized FinnGen input	FinnGen R12	Finnish/European ancestry FinnGen endpoint	283740	13450	270290	FinnGen source summary statistics are GRCh38; local LDSC/locus analyses used harmonized hg19/GRCh37-compatible resources where required	Binary endpoint effect estimate, beta on log(OR) scale in FinnGen REGENIE summary statistics; LDSC used harmonized SNP/A1/A2/Z	0.0259	0.0033	7.848484848484849	1.307	1.1237	adequate_ge4	comparator_retained_in_current_formal_LDSC_pair_universe_after_h2_QC	True	2	Supplementary Table 8 local audit; FinnGen public documentation R10/R12-compatible summary statistics format	One of 57 non-nasal comparator traits in the LDSC h2 power-audit universe from Supplementary Table 8. Rows are retained here regardless of h2 power class for transparent source/QC reporting; low_h2_z_lt2 rows are flagged and not used for current interpretable LDSC rg claims.
L12_DERMATITISECZEMA	Dermatitis and eczema	L12_DERMATITISECZEMA	non-nasal comparator trait	M1_allergic_type2_axis	FinnGen R12 existing phase0 / local harmonized FinnGen input	FinnGen R12	Finnish/European ancestry FinnGen endpoint	500348	67474	432874	FinnGen source summary statistics are GRCh38; local LDSC/locus analyses used harmonized hg19/GRCh37-compatible resources where required	Binary endpoint effect estimate, beta on log(OR) scale in FinnGen REGENIE summary statistics; LDSC used harmonized SNP/A1/A2/Z	0.0182	0.0023	7.91304347826087	1.3659	1.1471	adequate_ge4	comparator_retained_in_current_formal_LDSC_pair_universe_after_h2_QC	True	2	Supplementary Table 8 local audit; FinnGen public documentation R10/R12-compatible summary statistics format	One of 57 non-nasal comparator traits in the LDSC h2 power-audit universe from Supplementary Table 8. Rows are retained here regardless of h2 power class for transparent source/QC reporting; low_h2_z_lt2 rows are flagged and not used for current interpretable LDSC rg claims.
K11_IBD_STRICT	Inflammatory bowel disease, strict (require KELA)	K11_IBD_STRICT	non-nasal comparator trait	M4_gi_mucosal_immune_axis	FinnGen R12 existing phase0 / local harmonized FinnGen input	FinnGen R12	Finnish/European ancestry FinnGen endpoint	500348	10960	489388	FinnGen source summary statistics are GRCh38; local LDSC/locus analyses used harmonized hg19/GRCh37-compatible resources where required	Binary endpoint effect estimate, beta on log(OR) scale in FinnGen REGENIE summary statistics; LDSC used harmonized SNP/A1/A2/Z	0.0177	0.0022	8.045454545454545	1.3651	1.151	adequate_ge4	comparator_retained_in_current_formal_LDSC_pair_universe_after_h2_QC	True	2	Supplementary Table 8 local audit; FinnGen public documentation R10/R12-compatible summary statistics format	One of 57 non-nasal comparator traits in the LDSC h2 power-audit universe from Supplementary Table 8. Rows are retained here regardless of h2 power class for transparent source/QC reporting; low_h2_z_lt2 rows are flagged and not used for current interpretable LDSC rg claims.
H7_ALLERGICCONJUNCTIVITIS	Allergic conjunctivitis	H7_ALLERGICCONJUNCTIVITIS	non-nasal comparator trait	M1_allergic_type2_axis	FinnGen R12 existing phase0 / local harmonized FinnGen input	FinnGen R12	Finnish/European ancestry FinnGen endpoint	500348	29791	470557	FinnGen source summary statistics are GRCh38; local LDSC/locus analyses used harmonized hg19/GRCh37-compatible resources where required	Binary endpoint effect estimate, beta on log(OR) scale in FinnGen REGENIE summary statistics; LDSC used harmonized SNP/A1/A2/Z	0.0144	0.0017	8.470588235294118	1.3061	1.1327	adequate_ge4	comparator_retained_in_current_formal_LDSC_pair_universe_after_h2_QC	True	2	Supplementary Table 8 local audit; FinnGen public documentation R10/R12-compatible summary statistics format	One of 57 non-nasal comparator traits in the LDSC h2 power-audit universe from Supplementary Table 8. Rows are retained here regardless of h2 power class for transparent source/QC reporting; low_h2_z_lt2 rows are flagged and not used for current interpretable LDSC rg claims.
AUTOIMMUNE_NONTHYROID	Autoimmune diseases excluding thyroid diseases	AUTOIMMUNE_NONTHYROID	non-nasal comparator trait	M3_autoimmune_reference_panel	FinnGen R12 existing phase0 / local harmonized FinnGen input	FinnGen R12	Finnish/European ancestry FinnGen endpoint	441659	70570	371089	FinnGen source summary statistics are GRCh38; local LDSC/locus analyses used harmonized hg19/GRCh37-compatible resources where required	Binary endpoint effect estimate, beta on log(OR) scale in FinnGen REGENIE summary statistics; LDSC used harmonized SNP/A1/A2/Z	0.0203	0.0022	9.227272727272727	1.3725	1.1562	adequate_ge4	comparator_retained_in_current_formal_LDSC_pair_universe_after_h2_QC	True	1	Supplementary Table 8 local audit; FinnGen public documentation R10/R12-compatible summary statistics format	One of 57 non-nasal comparator traits in the LDSC h2 power-audit universe from Supplementary Table 8. Rows are retained here regardless of h2 power class for transparent source/QC reporting; low_h2_z_lt2 rows are flagged and not used for current interpretable LDSC rg claims.
H8_MIDDLEMASTOID	Diseases of middle ear and mastoid	H8_MIDDLEMASTOID	non-nasal comparator trait	M5_ear_mucosal_inflammation	FinnGen R12 existing phase0 / local harmonized FinnGen input	FinnGen R12	Finnish/European ancestry FinnGen endpoint	500348	35194	465154	FinnGen source summary statistics are GRCh38; local LDSC/locus analyses used harmonized hg19/GRCh37-compatible resources where required	Binary endpoint effect estimate, beta on log(OR) scale in FinnGen REGENIE summary statistics; LDSC used harmonized SNP/A1/A2/Z	0.0112	0.0012	9.333333333333334	1.2044	1.0679	adequate_ge4	comparator_retained_in_current_formal_LDSC_pair_universe_after_h2_QC	True	1	Supplementary Table 8 local audit; FinnGen public documentation R10/R12-compatible summary statistics format	One of 57 non-nasal comparator traits in the LDSC h2 power-audit universe from Supplementary Table 8. Rows are retained here regardless of h2 power class for transparent source/QC reporting; low_h2_z_lt2 rows are flagged and not used for current interpretable LDSC rg claims.
J10_CHRONTONSADEN	Chronic diseases of tonsils and adenoids	J10_CHRONTONSADEN	non-nasal comparator trait	M0_sinonasal_anchor	FinnGen R12 existing phase0 / local harmonized FinnGen input	FinnGen R12	Finnish/European ancestry FinnGen endpoint	431220	59700	371520	FinnGen source summary statistics are GRCh38; local LDSC/locus analyses used harmonized hg19/GRCh37-compatible resources where required	Binary endpoint effect estimate, beta on log(OR) scale in FinnGen REGENIE summary statistics; LDSC used harmonized SNP/A1/A2/Z	0.03	0.0029	10.344827586206897	1.5491	1.245	adequate_ge4	comparator_retained_in_current_formal_LDSC_pair_universe_after_h2_QC	True	2	Supplementary Table 8 local audit; FinnGen public documentation R10/R12-compatible summary statistics format	One of 57 non-nasal comparator traits in the LDSC h2 power-audit universe from Supplementary Table 8. Rows are retained here regardless of h2 power class for transparent source/QC reporting; low_h2_z_lt2 rows are flagged and not used for current interpretable LDSC rg claims.
J10_COPD	COPD	J10_COPD	non-nasal comparator trait	M2_representative_lung_axis	FinnGen R12 existing phase0 / local harmonized FinnGen input	FinnGen R12	Finnish/European ancestry FinnGen endpoint	433208	24138	409070	FinnGen source summary statistics are GRCh38; local LDSC/locus analyses used harmonized hg19/GRCh37-compatible resources where required	Binary endpoint effect estimate, beta on log(OR) scale in FinnGen REGENIE summary statistics; LDSC used harmonized SNP/A1/A2/Z	0.0281	0.0025	11.24	1.4352	1.1577	adequate_ge4	comparator_retained_in_current_formal_LDSC_pair_universe_after_h2_QC	True	1	Supplementary Table 8 local audit; FinnGen public documentation R10/R12-compatible summary statistics format	One of 57 non-nasal comparator traits in the LDSC h2 power-audit universe from Supplementary Table 8. Rows are retained here regardless of h2 power class for transparent source/QC reporting; low_h2_z_lt2 rows are flagged and not used for current interpretable LDSC rg claims.
K11_REFLUX	Gastro-oesophageal reflux disease	K11_REFLUX	non-nasal comparator trait	M4_gi_mucosal_immune_axis	FinnGen R12 existing phase0 / local harmonized FinnGen input	FinnGen R12	Finnish/European ancestry FinnGen endpoint	459810	36025	423785	FinnGen source summary statistics are GRCh38; local LDSC/locus analyses used harmonized hg19/GRCh37-compatible resources where required	Binary endpoint effect estimate, beta on log(OR) scale in FinnGen REGENIE summary statistics; LDSC used harmonized SNP/A1/A2/Z	0.0165	0.0014	11.785714285714286	1.2688	1.0908	adequate_ge4	comparator_retained_in_current_formal_LDSC_pair_universe_after_h2_QC	False	0	Supplementary Table 8 local audit; FinnGen public documentation R10/R12-compatible summary statistics format	One of 57 non-nasal comparator traits in the LDSC h2 power-audit universe from Supplementary Table 8. Rows are retained here regardless of h2 power class for transparent source/QC reporting; low_h2_z_lt2 rows are flagged and not used for current interpretable LDSC rg claims.
J10_ASTHMA_MAIN_EXMORE	Asthma (only as main-diagnosis) (more control exclusions)	J10_ASTHMA_MAIN_EXMORE	non-nasal comparator trait	M1_allergic_type2_axis	FinnGen R12 existing phase0 / local harmonized FinnGen input	FinnGen R12	Finnish/European ancestry FinnGen endpoint	307139	47300	259839	FinnGen source summary statistics are GRCh38; local LDSC/locus analyses used harmonized hg19/GRCh37-compatible resources where required	Binary endpoint effect estimate, beta on log(OR) scale in FinnGen REGENIE summary statistics; LDSC used harmonized SNP/A1/A2/Z	0.053	0.0043	12.325581395348836	1.6029	1.2242	adequate_ge4	comparator_adequate_h2_but_not_carried_forward_in_current_formal_pair_design	False	0	Supplementary Table 8 local audit; FinnGen public documentation R10/R12-compatible summary statistics format	One of 57 non-nasal comparator traits in the LDSC h2 power-audit universe from Supplementary Table 8. Rows are retained here regardless of h2 power class for transparent source/QC reporting; low_h2_z_lt2 rows are flagged and not used for current interpretable LDSC rg claims.
J10_ASTHMA_EXMORE	Asthma (more control exclusions)	J10_ASTHMA_EXMORE	non-nasal comparator trait	M0_sinonasal_anchor	FinnGen R12 existing phase0 / local harmonized FinnGen input	FinnGen R12	Finnish/European ancestry FinnGen endpoint	318939	59100	259839	FinnGen source summary statistics are GRCh38; local LDSC/locus analyses used harmonized hg19/GRCh37-compatible resources where required	Binary endpoint effect estimate, beta on log(OR) scale in FinnGen REGENIE summary statistics; LDSC used harmonized SNP/A1/A2/Z	0.0571	0.0045	12.68888888888889	1.6794	1.2588	adequate_ge4	comparator_retained_in_current_formal_LDSC_pair_universe_after_h2_QC	True	2	Supplementary Table 8 local audit; FinnGen public documentation R10/R12-compatible summary statistics format	One of 57 non-nasal comparator traits in the LDSC h2 power-audit universe from Supplementary Table 8. Rows are retained here regardless of h2 power class for transparent source/QC reporting; low_h2_z_lt2 rows are flagged and not used for current interpretable LDSC rg claims.
