gene_symbol	n_pair_gene_records	n_pair_definitions	n_phenotype_domains	pair_list	phenotype_domain_list	n_GeneA_records	n_GeneB_records	strict_positive_record_count	best_tissue_list	min_best_twas_p	min_best_twas_fdr
IL7R	12	12	4	ALLERGIC_RHINITIS_GCST90038664__ALLERG_ASTHMA;ALLERGIC_RHINITIS_GCST90038664__ASTHMA_EOSINOPHIL_SUGG;ALLERGIC_RHINITIS_GCST90038664__H7_ALLERGICCONJUNCTIVITIS;ALLERGIC_RHINITIS_GCST90038664__J10_CHRONTONSADEN;ALLERGIC_RHINITIS_GCST90038664__L12_ATOPIC;ALLERGIC_RHINITIS_GCST90038664__L12_DERMATITISECZEMA;NASAL_POLYPS_GCST90018883__ALLERG_ASTHMA;NASAL_POLYPS_GCST90018883__ASTHMA_EOSINOPHIL_SUGG;NASAL_POLYPS_GCST90018883__J10_ASTHMA_EXMORE;NASAL_POLYPS_GCST90018883__L12_ATOPIC;NASAL_POLYPS_GCST90018883__L12_DERMATITISECZEMA;NASAL_POLYPS_GCST90018883__L12_PSORIASIS	ENT_infection;asthma_lower_airway;atopic_allergic;autoimmune_IBD	2	10	10	Spleen	5.32e-08	1.596e-07
CD247	10	10	3	ALLERGIC_RHINITIS_GCST90038664__ALLERG_ASTHMA;ALLERGIC_RHINITIS_GCST90038664__ASTHMA_EOSINOPHIL_SUGG;ALLERGIC_RHINITIS_GCST90038664__J10_ASTHMA_EXMORE;ALLERGIC_RHINITIS_GCST90038664__L12_ATOPIC;ALLERGIC_RHINITIS_GCST90038664__L12_DERMATITISECZEMA;ALLERGIC_RHINITIS_GCST90038664__M13_RHEUMA;NASAL_POLYPS_GCST90018883__ALLERG_ASTHMA;NASAL_POLYPS_GCST90018883__ASTHMA_EOSINOPHIL_SUGG;NASAL_POLYPS_GCST90018883__J10_ASTHMA_EXMORE;NASAL_POLYPS_GCST90018883__M13_RHEUMA	asthma_lower_airway;atopic_allergic;autoimmune_IBD	6	4	5	Artery_Coronary	0.00247	0.00247
SPEF2	9	9	3	ALLERGIC_RHINITIS_GCST90038664__ALLERG_ASTHMA;ALLERGIC_RHINITIS_GCST90038664__ASTHMA_EOSINOPHIL_SUGG;ALLERGIC_RHINITIS_GCST90038664__H7_ALLERGICCONJUNCTIVITIS;ALLERGIC_RHINITIS_GCST90038664__J10_CHRONTONSADEN;ALLERGIC_RHINITIS_GCST90038664__L12_ATOPIC;ALLERGIC_RHINITIS_GCST90038664__L12_DERMATITISECZEMA;NASAL_POLYPS_GCST90018883__J10_ASTHMA_EXMORE;NASAL_POLYPS_GCST90018883__L12_ATOPIC;NASAL_POLYPS_GCST90018883__L12_DERMATITISECZEMA	ENT_infection;asthma_lower_airway;atopic_allergic	2	7	9	Brain_Cerebellar_Hemisphere;Brain_Putamen_basal_ganglia	0.000906	0.001812
AFF4	7	7	2	NASAL_POLYPS_GCST90018883__ALLERG_ASTHMA;NASAL_POLYPS_GCST90018883__ASTHMA_EOSINOPHIL_SUGG;NASAL_POLYPS_GCST90018883__AUTOIMMUNE_NONTHYROID;NASAL_POLYPS_GCST90018883__J10_ASTHMA_EXMORE;NASAL_POLYPS_GCST90018883__J10_COPD;NASAL_POLYPS_GCST90018883__K11_IBD_STRICT;NASAL_POLYPS_GCST90018883__NONALLERG_ASTHMA_EXMORE	asthma_lower_airway;autoimmune_IBD	3	4	6	Adipose_Visceral_Omentum	0.00179	0.008055
CCNI2	7	7	2	NASAL_POLYPS_GCST90018883__ALLERG_ASTHMA;NASAL_POLYPS_GCST90018883__ASTHMA_EOSINOPHIL_SUGG;NASAL_POLYPS_GCST90018883__AUTOIMMUNE_NONTHYROID;NASAL_POLYPS_GCST90018883__J10_ASTHMA_EXMORE;NASAL_POLYPS_GCST90018883__J10_COPD;NASAL_POLYPS_GCST90018883__K11_IBD_STRICT;NASAL_POLYPS_GCST90018883__NONALLERG_ASTHMA_EXMORE	asthma_lower_airway;autoimmune_IBD	3	4	7	Cells_Cultured_fibroblasts	5.87e-08	1.5653333333333333e-07
CLEC16A	7	7	3	ALLERGIC_RHINITIS_GCST90038664__ALLERG_ASTHMA;ALLERGIC_RHINITIS_GCST90038664__ASTHMA_EOSINOPHIL_SUGG;ALLERGIC_RHINITIS_GCST90038664__H7_ALLERGICCONJUNCTIVITIS;NASAL_POLYPS_GCST90018883__ALLERG_ASTHMA;NASAL_POLYPS_GCST90018883__ASTHMA_EOSINOPHIL_SUGG;NASAL_POLYPS_GCST90018883__H8_MIDDLEMASTOID;NASAL_POLYPS_GCST90018883__J10_ASTHMA_EXMORE	ENT_infection;asthma_lower_airway;atopic_allergic	5	2	7	Brain_Cerebellum;Liver	4.6e-10	9.2e-10
GDF9	7	7	2	NASAL_POLYPS_GCST90018883__ALLERG_ASTHMA;NASAL_POLYPS_GCST90018883__ASTHMA_EOSINOPHIL_SUGG;NASAL_POLYPS_GCST90018883__AUTOIMMUNE_NONTHYROID;NASAL_POLYPS_GCST90018883__J10_ASTHMA_EXMORE;NASAL_POLYPS_GCST90018883__J10_COPD;NASAL_POLYPS_GCST90018883__K11_IBD_STRICT;NASAL_POLYPS_GCST90018883__NONALLERG_ASTHMA_EXMORE	asthma_lower_airway;autoimmune_IBD	3	4	7	Prostate	5.24e-06	1.048e-05
HSPA4	7	7	2	NASAL_POLYPS_GCST90018883__ALLERG_ASTHMA;NASAL_POLYPS_GCST90018883__ASTHMA_EOSINOPHIL_SUGG;NASAL_POLYPS_GCST90018883__AUTOIMMUNE_NONTHYROID;NASAL_POLYPS_GCST90018883__J10_ASTHMA_EXMORE;NASAL_POLYPS_GCST90018883__J10_COPD;NASAL_POLYPS_GCST90018883__K11_IBD_STRICT;NASAL_POLYPS_GCST90018883__NONALLERG_ASTHMA_EXMORE	asthma_lower_airway;autoimmune_IBD	3	4	6	Pituitary	0.00297	0.00891
ANKRD6	6	6	2	ALLERGIC_RHINITIS_GCST90038664__ASTHMA_EOSINOPHIL_SUGG;NASAL_POLYPS_GCST90018883__ALLERG_ASTHMA;NASAL_POLYPS_GCST90018883__ASTHMA_EOSINOPHIL_SUGG;NASAL_POLYPS_GCST90018883__H7_ALLERGICCONJUNCTIVITIS;NASAL_POLYPS_GCST90018883__J10_ASTHMA_EXMORE;NASAL_POLYPS_GCST90018883__L12_DERMATITISECZEMA	asthma_lower_airway;atopic_allergic	3	3	4	Adipose_Subcutaneous;Nerve_Tibial	0.000546	0.003224
CAPSL	6	6	3	ALLERGIC_RHINITIS_GCST90038664__ALLERG_ASTHMA;ALLERGIC_RHINITIS_GCST90038664__ASTHMA_EOSINOPHIL_SUGG;ALLERGIC_RHINITIS_GCST90038664__H7_ALLERGICCONJUNCTIVITIS;ALLERGIC_RHINITIS_GCST90038664__J10_CHRONTONSADEN;ALLERGIC_RHINITIS_GCST90038664__L12_ATOPIC;ALLERGIC_RHINITIS_GCST90038664__L12_DERMATITISECZEMA	ENT_infection;asthma_lower_airway;atopic_allergic	1	5	6	Cells_Cultured_fibroblasts	0.00132	0.00352
GLDC	6	6	2	ALLERGIC_RHINITIS_GCST90038664__ALLERG_ASTHMA;ALLERGIC_RHINITIS_GCST90038664__ASTHMA_EOSINOPHIL_SUGG;NASAL_POLYPS_GCST90018883__ALLERG_ASTHMA;NASAL_POLYPS_GCST90018883__ASTHMA_EOSINOPHIL_SUGG;NASAL_POLYPS_GCST90018883__H8_SUP_ACUTE;NASAL_POLYPS_GCST90018883__J10_ASTHMA_EXMORE	ENT_infection;asthma_lower_airway	2	4	6	Lung;Thyroid	6.38e-06	1.914e-05
IL13	6	6	2	NASAL_POLYPS_GCST90018883__ALLERG_ASTHMA;NASAL_POLYPS_GCST90018883__ASTHMA_EOSINOPHIL_SUGG;NASAL_POLYPS_GCST90018883__J10_ASTHMA_EXMORE;NASAL_POLYPS_GCST90018883__J10_COPD;NASAL_POLYPS_GCST90018883__K11_IBD_STRICT;NASAL_POLYPS_GCST90018883__NONALLERG_ASTHMA_EXMORE	asthma_lower_airway;autoimmune_IBD	2	4	6	Brain_Nucleus_accumbens_basal_ganglia	1.63e-11	6.52e-11
IL33	6	6	2	ALLERGIC_RHINITIS_GCST90038664__ALLERG_ASTHMA;ALLERGIC_RHINITIS_GCST90038664__ASTHMA_EOSINOPHIL_SUGG;NASAL_POLYPS_GCST90018883__ALLERG_ASTHMA;NASAL_POLYPS_GCST90018883__ASTHMA_EOSINOPHIL_SUGG;NASAL_POLYPS_GCST90018883__H8_SUP_ACUTE;NASAL_POLYPS_GCST90018883__J10_ASTHMA_EXMORE	ENT_infection;asthma_lower_airway	2	4	6	Esophagus_Muscularis	1.12e-10	4.48e-10
KIF3A	6	6	2	NASAL_POLYPS_GCST90018883__ALLERG_ASTHMA;NASAL_POLYPS_GCST90018883__ASTHMA_EOSINOPHIL_SUGG;NASAL_POLYPS_GCST90018883__J10_ASTHMA_EXMORE;NASAL_POLYPS_GCST90018883__J10_COPD;NASAL_POLYPS_GCST90018883__K11_IBD_STRICT;NASAL_POLYPS_GCST90018883__NONALLERG_ASTHMA_EXMORE	asthma_lower_airway;autoimmune_IBD	2	4	6	Skin_Sun_Exposed_Lower_leg	0.00385	0.0077
LRRC32	6	6	3	ALLERGIC_RHINITIS_GCST90038664__ALLERG_ASTHMA;ALLERGIC_RHINITIS_GCST90038664__H7_ALLERGICCONJUNCTIVITIS;ALLERGIC_RHINITIS_GCST90038664__J10_ASTHMA_EXMORE;ALLERGIC_RHINITIS_GCST90038664__K11_CD_STRICT2;ALLERGIC_RHINITIS_GCST90038664__K11_IBD_STRICT;ALLERGIC_RHINITIS_GCST90038664__L12_DERMATITISECZEMA	asthma_lower_airway;atopic_allergic;autoimmune_IBD	0	6	3	Whole_Blood	0.00696	0.00696
UGT3A1	6	6	3	ALLERGIC_RHINITIS_GCST90038664__ALLERG_ASTHMA;ALLERGIC_RHINITIS_GCST90038664__ASTHMA_EOSINOPHIL_SUGG;ALLERGIC_RHINITIS_GCST90038664__H7_ALLERGICCONJUNCTIVITIS;ALLERGIC_RHINITIS_GCST90038664__J10_CHRONTONSADEN;ALLERGIC_RHINITIS_GCST90038664__L12_ATOPIC;ALLERGIC_RHINITIS_GCST90038664__L12_DERMATITISECZEMA	ENT_infection;asthma_lower_airway;atopic_allergic	1	5	6	Testis	1.41e-05	5.64e-05
UGT3A2	6	6	3	ALLERGIC_RHINITIS_GCST90038664__ALLERG_ASTHMA;ALLERGIC_RHINITIS_GCST90038664__ASTHMA_EOSINOPHIL_SUGG;ALLERGIC_RHINITIS_GCST90038664__H7_ALLERGICCONJUNCTIVITIS;ALLERGIC_RHINITIS_GCST90038664__J10_CHRONTONSADEN;ALLERGIC_RHINITIS_GCST90038664__L12_ATOPIC;ALLERGIC_RHINITIS_GCST90038664__L12_DERMATITISECZEMA	ENT_infection;asthma_lower_airway;atopic_allergic	1	5	6	Spleen	0.000157	0.0002355
ACSL6	5	5	1	NASAL_POLYPS_GCST90018883__ALLERG_ASTHMA;NASAL_POLYPS_GCST90018883__ASTHMA_EOSINOPHIL_SUGG;NASAL_POLYPS_GCST90018883__J10_ASTHMA_EXMORE;NASAL_POLYPS_GCST90018883__J10_COPD;NASAL_POLYPS_GCST90018883__NONALLERG_ASTHMA_EXMORE	asthma_lower_airway	2	3	5	Pancreas	6.94e-08	2.082e-07
CDC42SE2	5	5	1	NASAL_POLYPS_GCST90018883__ALLERG_ASTHMA;NASAL_POLYPS_GCST90018883__ASTHMA_EOSINOPHIL_SUGG;NASAL_POLYPS_GCST90018883__J10_ASTHMA_EXMORE;NASAL_POLYPS_GCST90018883__J10_COPD;NASAL_POLYPS_GCST90018883__NONALLERG_ASTHMA_EXMORE	asthma_lower_airway	2	3	5	Brain_Frontal_Cortex_BA9	1.63e-05	6.52e-05
LPP	5	5	2	ALLERGIC_RHINITIS_GCST90038664__H7_ALLERGICCONJUNCTIVITIS;ALLERGIC_RHINITIS_GCST90038664__L12_ATOPIC;NASAL_POLYPS_GCST90018883__ALLERG_ASTHMA;NASAL_POLYPS_GCST90018883__H7_ALLERGICCONJUNCTIVITIS;NASAL_POLYPS_GCST90018883__J10_ASTHMA_EXMORE	asthma_lower_airway;atopic_allergic	0	5	5	Skin_Not_Sun_Exposed_Suprapubic;Skin_Sun_Exposed_Lower_leg	0.000837	0.001674
P4HA2	5	5	1	NASAL_POLYPS_GCST90018883__ALLERG_ASTHMA;NASAL_POLYPS_GCST90018883__ASTHMA_EOSINOPHIL_SUGG;NASAL_POLYPS_GCST90018883__J10_ASTHMA_EXMORE;NASAL_POLYPS_GCST90018883__J10_COPD;NASAL_POLYPS_GCST90018883__NONALLERG_ASTHMA_EXMORE	asthma_lower_airway	2	3	5	Brain_Cerebellar_Hemisphere	6.14e-11	3.684e-10
PDLIM4	5	5	1	NASAL_POLYPS_GCST90018883__ALLERG_ASTHMA;NASAL_POLYPS_GCST90018883__ASTHMA_EOSINOPHIL_SUGG;NASAL_POLYPS_GCST90018883__J10_ASTHMA_EXMORE;NASAL_POLYPS_GCST90018883__J10_COPD;NASAL_POLYPS_GCST90018883__NONALLERG_ASTHMA_EXMORE	asthma_lower_airway	2	3	5	Heart_Left_Ventricle	2.2e-07	6.6e-07
RAPGEF6	5	5	1	NASAL_POLYPS_GCST90018883__ALLERG_ASTHMA;NASAL_POLYPS_GCST90018883__ASTHMA_EOSINOPHIL_SUGG;NASAL_POLYPS_GCST90018883__J10_ASTHMA_EXMORE;NASAL_POLYPS_GCST90018883__J10_COPD;NASAL_POLYPS_GCST90018883__NONALLERG_ASTHMA_EXMORE	asthma_lower_airway	2	3	5	Muscle_Skeletal	0.000252	0.00084
SHROOM1	5	5	2	NASAL_POLYPS_GCST90018883__ASTHMA_EOSINOPHIL_SUGG;NASAL_POLYPS_GCST90018883__AUTOIMMUNE_NONTHYROID;NASAL_POLYPS_GCST90018883__J10_COPD;NASAL_POLYPS_GCST90018883__K11_IBD_STRICT;NASAL_POLYPS_GCST90018883__NONALLERG_ASTHMA_EXMORE	asthma_lower_airway;autoimmune_IBD	3	2	5	Breast_Mammary_Tissue	0.000104	0.0003325
SLC22A5	5	5	1	NASAL_POLYPS_GCST90018883__ALLERG_ASTHMA;NASAL_POLYPS_GCST90018883__ASTHMA_EOSINOPHIL_SUGG;NASAL_POLYPS_GCST90018883__J10_ASTHMA_EXMORE;NASAL_POLYPS_GCST90018883__J10_COPD;NASAL_POLYPS_GCST90018883__NONALLERG_ASTHMA_EXMORE	asthma_lower_airway	2	3	5	Thyroid	8.9e-14	1.068e-12
SOWAHA	5	5	2	NASAL_POLYPS_GCST90018883__ASTHMA_EOSINOPHIL_SUGG;NASAL_POLYPS_GCST90018883__AUTOIMMUNE_NONTHYROID;NASAL_POLYPS_GCST90018883__J10_COPD;NASAL_POLYPS_GCST90018883__K11_IBD_STRICT;NASAL_POLYPS_GCST90018883__NONALLERG_ASTHMA_EXMORE	asthma_lower_airway;autoimmune_IBD	3	2	5	Thyroid	0.00032	0.00096
TSKU	5	5	3	ALLERGIC_RHINITIS_GCST90038664__ALLERG_ASTHMA;ALLERGIC_RHINITIS_GCST90038664__J10_ASTHMA_EXMORE;ALLERGIC_RHINITIS_GCST90038664__K11_CD_STRICT2;ALLERGIC_RHINITIS_GCST90038664__K11_IBD_STRICT;ALLERGIC_RHINITIS_GCST90038664__L12_DERMATITISECZEMA	asthma_lower_airway;atopic_allergic;autoimmune_IBD	0	5	0	Cells_Cultured_fibroblasts	0.0184	0.0184
CAMK4	4	4	2	ALLERGIC_RHINITIS_GCST90038664__L12_ATOPIC;NASAL_POLYPS_GCST90018883__ALLERG_ASTHMA;NASAL_POLYPS_GCST90018883__ASTHMA_EOSINOPHIL_SUGG;NASAL_POLYPS_GCST90018883__J10_ASTHMA_EXMORE	asthma_lower_airway;atopic_allergic	3	1	4	Brain_Cerebellar_Hemisphere;Cells_EBV-transformed_lymphocytes	5.11e-09	3.577e-08
CIITA	4	4	2	NASAL_POLYPS_GCST90018883__ALLERG_ASTHMA;NASAL_POLYPS_GCST90018883__ASTHMA_EOSINOPHIL_SUGG;NASAL_POLYPS_GCST90018883__H8_MIDDLEMASTOID;NASAL_POLYPS_GCST90018883__J10_ASTHMA_EXMORE	ENT_infection;asthma_lower_airway	2	2	4	Adipose_Subcutaneous	0.000305	0.0004575
DEXI	4	4	2	NASAL_POLYPS_GCST90018883__ALLERG_ASTHMA;NASAL_POLYPS_GCST90018883__ASTHMA_EOSINOPHIL_SUGG;NASAL_POLYPS_GCST90018883__H8_MIDDLEMASTOID;NASAL_POLYPS_GCST90018883__J10_ASTHMA_EXMORE	ENT_infection;asthma_lower_airway	2	2	3	Artery_Aorta	0.0144	0.0288
HINT1	4	4	1	NASAL_POLYPS_GCST90018883__ALLERG_ASTHMA;NASAL_POLYPS_GCST90018883__ASTHMA_EOSINOPHIL_SUGG;NASAL_POLYPS_GCST90018883__J10_ASTHMA_EXMORE;NASAL_POLYPS_GCST90018883__NONALLERG_ASTHMA_EXMORE	asthma_lower_airway	1	3	4	Brain_Cerebellum	0.00163	0.0046183333333333
ICE2	4	4	2	ALLERGIC_RHINITIS_GCST90038664__ALLERG_ASTHMA;ALLERGIC_RHINITIS_GCST90038664__ASTHMA_EOSINOPHIL_SUGG;ALLERGIC_RHINITIS_GCST90038664__H7_ALLERGICCONJUNCTIVITIS;ALLERGIC_RHINITIS_GCST90038664__L12_ATOPIC	asthma_lower_airway;atopic_allergic	1	3	4	Testis	0.00101	0.00303
KIAA1109	4	4	2	ALLERGIC_RHINITIS_GCST90038664__ALLERG_ASTHMA;ALLERGIC_RHINITIS_GCST90038664__H7_ALLERGICCONJUNCTIVITIS;ALLERGIC_RHINITIS_GCST90038664__L12_ATOPIC;ALLERGIC_RHINITIS_GCST90038664__L12_DERMATITISECZEMA	asthma_lower_airway;atopic_allergic	0	4	4	Adrenal_Gland	1.14e-12	4.56e-12
NREP	4	4	1	NASAL_POLYPS_GCST90018883__ALLERG_ASTHMA;NASAL_POLYPS_GCST90018883__ASTHMA_EOSINOPHIL_SUGG;NASAL_POLYPS_GCST90018883__J10_ASTHMA_EXMORE;NASAL_POLYPS_GCST90018883__NONALLERG_ASTHMA_EXMORE	asthma_lower_airway	4	0	4	Vagina	0.00301	0.0042933333333333
RAD50	4	4	1	NASAL_POLYPS_GCST90018883__ALLERG_ASTHMA;NASAL_POLYPS_GCST90018883__ASTHMA_EOSINOPHIL_SUGG;NASAL_POLYPS_GCST90018883__J10_ASTHMA_EXMORE;NASAL_POLYPS_GCST90018883__NONALLERG_ASTHMA_EXMORE	asthma_lower_airway	1	3	4	Esophagus_Mucosa	7.34e-12	3.303000000000001e-11
TNIP3	4	4	2	ALLERGIC_RHINITIS_GCST90038664__ALLERG_ASTHMA;ALLERGIC_RHINITIS_GCST90038664__H7_ALLERGICCONJUNCTIVITIS;ALLERGIC_RHINITIS_GCST90038664__L12_ATOPIC;ALLERGIC_RHINITIS_GCST90038664__L12_DERMATITISECZEMA	asthma_lower_airway;atopic_allergic	0	4	4	Whole_Blood	0.00854	0.01708
UHRF2	4	4	2	NASAL_POLYPS_GCST90018883__ALLERG_ASTHMA;NASAL_POLYPS_GCST90018883__ASTHMA_EOSINOPHIL_SUGG;NASAL_POLYPS_GCST90018883__H8_SUP_ACUTE;NASAL_POLYPS_GCST90018883__J10_ASTHMA_EXMORE	ENT_infection;asthma_lower_airway	2	2	4	Prostate	0.000366	0.000732
ATP6V0A1	3	3	1	ALLERGIC_RHINITIS_GCST90038664__H7_ALLERGICCONJUNCTIVITIS;ALLERGIC_RHINITIS_GCST90038664__L12_ATOPIC;ALLERGIC_RHINITIS_GCST90038664__L12_DERMATITISECZEMA	atopic_allergic	0	3	3	Skin_Sun_Exposed_Lower_leg	0.00729	0.02187
COASY	3	3	1	ALLERGIC_RHINITIS_GCST90038664__H7_ALLERGICCONJUNCTIVITIS;ALLERGIC_RHINITIS_GCST90038664__L12_ATOPIC;ALLERGIC_RHINITIS_GCST90038664__L12_DERMATITISECZEMA	atopic_allergic	0	3	3	Colon_Sigmoid	0.000254	0.0008656666666666
GNB1L	3	3	1	NASAL_POLYPS_GCST90018883__H8_EUSTSALP;NASAL_POLYPS_GCST90018883__H8_MIDDLEMASTOID;NASAL_POLYPS_GCST90018883__H8_SUP_ACUTE	ENT_infection	1	2	0	Brain_Nucleus_accumbens_basal_ganglia	0.0158	0.0158
IL4R	3	3	1	NASAL_POLYPS_GCST90018883__ALLERG_ASTHMA;NASAL_POLYPS_GCST90018883__ASTHMA_EOSINOPHIL_SUGG;NASAL_POLYPS_GCST90018883__J10_ASTHMA_EXMORE	asthma_lower_airway	0	3	3	Adrenal_Gland	0.000362	0.0012066666666666
NAGLU	3	3	1	ALLERGIC_RHINITIS_GCST90038664__H7_ALLERGICCONJUNCTIVITIS;ALLERGIC_RHINITIS_GCST90038664__L12_ATOPIC;ALLERGIC_RHINITIS_GCST90038664__L12_DERMATITISECZEMA	atopic_allergic	0	3	3	Artery_Coronary	8.02e-06	4.009999999999999e-05
PTRF	3	3	1	ALLERGIC_RHINITIS_GCST90038664__H7_ALLERGICCONJUNCTIVITIS;ALLERGIC_RHINITIS_GCST90038664__L12_ATOPIC;ALLERGIC_RHINITIS_GCST90038664__L12_DERMATITISECZEMA	atopic_allergic	0	3	3	Esophagus_Muscularis	2.51e-05	0.0002100999999999
SLC22A4	3	3	1	NASAL_POLYPS_GCST90018883__ALLERG_ASTHMA;NASAL_POLYPS_GCST90018883__ASTHMA_EOSINOPHIL_SUGG;NASAL_POLYPS_GCST90018883__J10_ASTHMA_EXMORE	asthma_lower_airway	0	3	3	Whole_Blood	4.3e-12	3.87e-11
SPRYD4	3	3	2	NASAL_POLYPS_GCST90018883__ASTHMA_EOSINOPHIL_SUGG;NASAL_POLYPS_GCST90018883__AUTOIMMUNE_NONTHYROID;NASAL_POLYPS_GCST90018883__J10_ASTHMA_EXMORE	asthma_lower_airway;autoimmune_IBD	1	2	0	Small_Intestine_Terminal_Ileum	0.0203	0.0203
TBX1	3	3	1	NASAL_POLYPS_GCST90018883__H8_EUSTSALP;NASAL_POLYPS_GCST90018883__H8_MIDDLEMASTOID;NASAL_POLYPS_GCST90018883__H8_SUP_ACUTE	ENT_infection	1	2	3	Prostate	9.5e-09	1.9e-08
WDR36	3	3	1	NASAL_POLYPS_GCST90018883__ALLERG_ASTHMA;NASAL_POLYPS_GCST90018883__ASTHMA_EOSINOPHIL_SUGG;NASAL_POLYPS_GCST90018883__J10_ASTHMA_EXMORE	asthma_lower_airway	3	0	3	Adipose_Subcutaneous	2.75e-09	2.3375e-08
ANXA9	2	2	2	NASAL_POLYPS_GCST90018883__ASTHMA_EOSINOPHIL_SUGG;NASAL_POLYPS_GCST90018883__J10_CHRONTONSADEN	ENT_infection;asthma_lower_airway	1	1	2	Artery_Tibial	1.65e-06	9.900000000000002e-06
ARNT	2	2	2	NASAL_POLYPS_GCST90018883__ASTHMA_EOSINOPHIL_SUGG;NASAL_POLYPS_GCST90018883__J10_CHRONTONSADEN	ENT_infection;asthma_lower_airway	1	1	2	Whole_Blood	1.4e-08	9.8e-08
CERS2	2	2	2	NASAL_POLYPS_GCST90018883__ASTHMA_EOSINOPHIL_SUGG;NASAL_POLYPS_GCST90018883__J10_CHRONTONSADEN	ENT_infection;asthma_lower_airway	1	1	2	Testis	8.18e-06	5.726e-05
CTSK	2	2	2	NASAL_POLYPS_GCST90018883__ASTHMA_EOSINOPHIL_SUGG;NASAL_POLYPS_GCST90018883__J10_CHRONTONSADEN	ENT_infection;asthma_lower_airway	1	1	2	Artery_Aorta	3.24e-08	1.62e-07
ENSA	2	2	2	NASAL_POLYPS_GCST90018883__ASTHMA_EOSINOPHIL_SUGG;NASAL_POLYPS_GCST90018883__J10_CHRONTONSADEN	ENT_infection;asthma_lower_airway	1	1	2	Nerve_Tibial	5.24e-05	0.0001397333333333
FAM114A1	2	2	2	ALLERGIC_RHINITIS_GCST90038664__ALLERG_ASTHMA;ALLERGIC_RHINITIS_GCST90038664__H7_ALLERGICCONJUNCTIVITIS	asthma_lower_airway;atopic_allergic	0	2	2	Colon_Sigmoid	7.82e-18	3.128e-17
FAM63A	2	2	2	NASAL_POLYPS_GCST90018883__ASTHMA_EOSINOPHIL_SUGG;NASAL_POLYPS_GCST90018883__J10_CHRONTONSADEN	ENT_infection;asthma_lower_airway	1	1	2	Stomach	5.17e-06	1.034e-05
FOXP1	2	2	1	NASAL_POLYPS_GCST90018883__ASTHMA_EOSINOPHIL_SUGG;NASAL_POLYPS_GCST90018883__J10_ASTHMA_EXMORE	asthma_lower_airway	1	1	2	Colon_Sigmoid	0.00581	0.01494
GOLPH3L	2	2	2	NASAL_POLYPS_GCST90018883__ASTHMA_EOSINOPHIL_SUGG;NASAL_POLYPS_GCST90018883__J10_CHRONTONSADEN	ENT_infection;asthma_lower_airway	1	1	2	Muscle_Skeletal	0.000868	0.001736
HSD17B1	2	2	1	ALLERGIC_RHINITIS_GCST90038664__L12_ATOPIC;ALLERGIC_RHINITIS_GCST90038664__L12_DERMATITISECZEMA	atopic_allergic	0	2	0	Liver	0.03133	0.0469949999999999
INSL6	2	2	1	ALLERGIC_RHINITIS_GCST90038664__ALLERG_ASTHMA;ALLERGIC_RHINITIS_GCST90038664__ASTHMA_EOSINOPHIL_SUGG	asthma_lower_airway	0	2	2	Testis	0.00243	0.00567
IRF1	2	2	1	NASAL_POLYPS_GCST90018883__ASTHMA_EOSINOPHIL_SUGG;NASAL_POLYPS_GCST90018883__J10_ASTHMA_EXMORE	asthma_lower_airway	0	2	2	Skin_Sun_Exposed_Lower_leg	2e-11	3.277e-10
JAK2	2	2	1	ALLERGIC_RHINITIS_GCST90038664__ALLERG_ASTHMA;ALLERGIC_RHINITIS_GCST90038664__ASTHMA_EOSINOPHIL_SUGG	asthma_lower_airway	0	2	2	Heart_Atrial_Appendage	9.44e-05	0.000472
KDM8	2	2	1	NASAL_POLYPS_GCST90018883__ALLERG_ASTHMA;NASAL_POLYPS_GCST90018883__J10_ASTHMA_EXMORE	asthma_lower_airway	0	2	2	Colon_Sigmoid	0.00808	0.0188533333333333
NACA	2	2	1	NASAL_POLYPS_GCST90018883__ASTHMA_EOSINOPHIL_SUGG;NASAL_POLYPS_GCST90018883__J10_ASTHMA_EXMORE	asthma_lower_airway	1	1	2	Brain_Hippocampus	0.00567	0.0099225
NSMCE1	2	2	1	NASAL_POLYPS_GCST90018883__ALLERG_ASTHMA;NASAL_POLYPS_GCST90018883__J10_ASTHMA_EXMORE	asthma_lower_airway	0	2	2	Heart_Atrial_Appendage	0.000745	0.00204875
SETDB1	2	2	2	NASAL_POLYPS_GCST90018883__ASTHMA_EOSINOPHIL_SUGG;NASAL_POLYPS_GCST90018883__J10_CHRONTONSADEN	ENT_infection;asthma_lower_airway	1	1	2	Esophagus_Muscularis	0.000353	0.0009413333333333
TLR1	2	2	2	ALLERGIC_RHINITIS_GCST90038664__ALLERG_ASTHMA;ALLERGIC_RHINITIS_GCST90038664__H7_ALLERGICCONJUNCTIVITIS	asthma_lower_airway;atopic_allergic	0	2	2	Brain_Caudate_basal_ganglia	7.410000000000001e-21	6.669000000000002e-20
TLR10	2	2	2	ALLERGIC_RHINITIS_GCST90038664__ALLERG_ASTHMA;ALLERGIC_RHINITIS_GCST90038664__H7_ALLERGICCONJUNCTIVITIS	asthma_lower_airway;atopic_allergic	0	2	2	Pituitary	2.58e-20	1.29e-19
TLR6	2	2	2	ALLERGIC_RHINITIS_GCST90038664__ALLERG_ASTHMA;ALLERGIC_RHINITIS_GCST90038664__H7_ALLERGICCONJUNCTIVITIS	asthma_lower_airway;atopic_allergic	0	2	2	Pituitary	3.0600000000000007e-21	3.06e-20
APOA2	1	1	1	ALLERGIC_RHINITIS_GCST90038664__ALLERG_ASTHMA	asthma_lower_airway	0	1	1	Whole_Blood	0.000985	0.002955
ARRB2	1	1	1	NASAL_POLYPS_GCST90018883__ASTHMA_EOSINOPHIL_SUGG	asthma_lower_airway	1	0	1	Spleen	3.15e-06	1.995e-05
BCKDK	1	1	1	NASAL_POLYPS_GCST90018883__L12_PSORIASIS	autoimmune_IBD	1	0	1	Skin_Sun_Exposed_Lower_leg	1.5e-06	1.2796666666666667e-05
BCL7C	1	1	1	NASAL_POLYPS_GCST90018883__L12_PSORIASIS	autoimmune_IBD	1	0	1	Cells_Cultured_fibroblasts	1.75e-06	9.625e-06
C15orf61	1	1	1	ALLERGIC_RHINITIS_GCST90038664__K11_COELIAC	autoimmune_IBD	1	0	1	Artery_Aorta	9.67e-05	0.0002901
CD274	1	1	1	NASAL_POLYPS_GCST90018883__H8_SUP_ACUTE	ENT_infection	0	1	1	Nerve_Tibial	0.000238	0.000702
CHAC1	1	1	1	ALLERGIC_RHINITIS_GCST90038664__H7_ALLERGICCONJUNCTIVITIS	atopic_allergic	1	0	1	Artery_Tibial	0.00102	0.0034
CTF1	1	1	1	NASAL_POLYPS_GCST90018883__L12_PSORIASIS	autoimmune_IBD	1	0	1	Artery_Coronary	2.9e-05	4.35e-05
CTSS	1	1	1	NASAL_POLYPS_GCST90018883__J10_CHRONTONSADEN	ENT_infection	1	0	1	Minor_Salivary_Gland	1.72e-07	3.44e-07
EIF2D	1	1	1	NASAL_POLYPS_GCST90018883__K11_IBD_STRICT	autoimmune_IBD	0	1	1	Nerve_Tibial	0.000889	0.007112
EXD1	1	1	1	ALLERGIC_RHINITIS_GCST90038664__H7_ALLERGICCONJUNCTIVITIS	atopic_allergic	1	0	1	Testis	0.0042	0.0152249999999999
EXT1	1	1	1	NASAL_POLYPS_GCST90018883__ASTHMA_EOSINOPHIL_SUGG	asthma_lower_airway	1	0	1	Testis	0.00749	0.0213176923076923
F11R	1	1	1	ALLERGIC_RHINITIS_GCST90038664__ALLERG_ASTHMA	asthma_lower_airway	0	1	1	Prostate	5.58e-05	0.000279
FBRS	1	1	1	NASAL_POLYPS_GCST90018883__L12_PSORIASIS	autoimmune_IBD	1	0	1	Nerve_Tibial	3.85e-05	0.0001155
FBXL19	1	1	1	NASAL_POLYPS_GCST90018883__L12_PSORIASIS	autoimmune_IBD	1	0	1	Heart_Left_Ventricle	5.84e-05	0.0001022
FCER1G	1	1	1	ALLERGIC_RHINITIS_GCST90038664__ALLERG_ASTHMA	asthma_lower_airway	0	1	1	Cells_Cultured_fibroblasts	1.92e-08	1.024e-07
GLTPD2	1	1	1	NASAL_POLYPS_GCST90018883__ASTHMA_EOSINOPHIL_SUGG	asthma_lower_airway	1	0	1	Brain_Anterior_cingulate_cortex_BA24	0.00546	0.01274
HORMAD1	1	1	1	NASAL_POLYPS_GCST90018883__J10_CHRONTONSADEN	ENT_infection	1	0	1	Testis	0.000405	0.000945
HSD3B7	1	1	1	NASAL_POLYPS_GCST90018883__L12_PSORIASIS	autoimmune_IBD	1	0	1	Adrenal_Gland	1.85e-06	1.295e-05
IL21R	1	1	1	NASAL_POLYPS_GCST90018883__ALLERG_ASTHMA	asthma_lower_airway	0	1	0	Artery_Tibial	0.0249	0.0604714285714285
INO80	1	1	1	ALLERGIC_RHINITIS_GCST90038664__H7_ALLERGICCONJUNCTIVITIS	atopic_allergic	1	0	1	Cells_Cultured_fibroblasts	0.000481	0.0026455
IRF4	1	1	1	NASAL_POLYPS_GCST90018883__L12_PSORIASIS	autoimmune_IBD	0	1	1	Adipose_Subcutaneous	3.3e-06	1.21e-05
ITGA7	1	1	1	NASAL_POLYPS_GCST90018883__AUTOIMMUNE_NONTHYROID	autoimmune_IBD	0	1	0	Heart_Left_Ventricle	0.0447	0.0447
ITSN2	1	1	1	NASAL_POLYPS_GCST90018883__K11_IBD_STRICT	autoimmune_IBD	1	0	1	Brain_Cerebellum	0.000439	0.002195
KAT8	1	1	1	NASAL_POLYPS_GCST90018883__L12_PSORIASIS	autoimmune_IBD	1	0	1	Brain_Caudate_basal_ganglia	2.09e-07	8.36e-07
LMBRD2	1	1	1	ALLERGIC_RHINITIS_GCST90038664__H7_ALLERGICCONJUNCTIVITIS	atopic_allergic	0	1	1	Pancreas	0.000171	0.0009405
MLANA	1	1	1	ALLERGIC_RHINITIS_GCST90038664__ASTHMA_EOSINOPHIL_SUGG	asthma_lower_airway	0	1	1	Spleen	0.000133	0.0004186666666666
MLLT11	1	1	1	NASAL_POLYPS_GCST90018883__ASTHMA_EOSINOPHIL_SUGG	asthma_lower_airway	0	1	1	Pituitary	2.17e-05	9.982e-05
NCMAP	1	1	1	NASAL_POLYPS_GCST90018883__J10_ASTHMA_EXMORE	asthma_lower_airway	0	1	1	Brain_Anterior_cingulate_cortex_BA24	0.000648	0.002916
NCOA1	1	1	1	NASAL_POLYPS_GCST90018883__K11_IBD_STRICT	autoimmune_IBD	1	0	1	Adrenal_Gland	0.000146	0.000438
ORAI3	1	1	1	NASAL_POLYPS_GCST90018883__L12_PSORIASIS	autoimmune_IBD	1	0	1	Adipose_Visceral_Omentum	0.000609	0.0006959999999999
PLD2	1	1	1	NASAL_POLYPS_GCST90018883__ASTHMA_EOSINOPHIL_SUGG	asthma_lower_airway	1	0	1	Testis	0.00191	0.0070669999999999
PRIM1	1	1	1	ALLERGIC_RHINITIS_GCST90038664__ASTHMA_EOSINOPHIL_SUGG	asthma_lower_airway	1	0	1	Ovary	0.00292	0.00584
PRR14	1	1	1	NASAL_POLYPS_GCST90018883__L12_PSORIASIS	autoimmune_IBD	1	0	1	Brain_Anterior_cingulate_cortex_BA24	7.67e-07	3.068e-06
PRSS53	1	1	1	NASAL_POLYPS_GCST90018883__L12_PSORIASIS	autoimmune_IBD	1	0	1	Breast_Mammary_Tissue	5.37e-06	1.4133333333333334e-05
PRSS8	1	1	1	NASAL_POLYPS_GCST90018883__L12_PSORIASIS	autoimmune_IBD	1	0	1	Esophagus_Mucosa	0.000983	0.000983
PSMB6	1	1	1	NASAL_POLYPS_GCST90018883__ASTHMA_EOSINOPHIL_SUGG	asthma_lower_airway	1	0	1	Lung	2.13e-05	9.793333333333332e-05
RBMS2	1	1	1	ALLERGIC_RHINITIS_GCST90038664__ASTHMA_EOSINOPHIL_SUGG	asthma_lower_airway	1	0	1	Nerve_Tibial	0.000806	0.003224
RNF40	1	1	1	NASAL_POLYPS_GCST90018883__L12_PSORIASIS	autoimmune_IBD	1	0	1	Brain_Amygdala	7.54e-07	2.262e-06
RNF7	1	1	1	ALLERGIC_RHINITIS_GCST90038664__H7_ALLERGICCONJUNCTIVITIS	atopic_allergic	0	1	0	Artery_Tibial	0.0167	0.0477142857142857
SETD1A	1	1	1	NASAL_POLYPS_GCST90018883__L12_PSORIASIS	autoimmune_IBD	1	0	1	Brain_Cerebellum	1.12e-06	5.6e-06
SRCAP	1	1	1	NASAL_POLYPS_GCST90018883__L12_PSORIASIS	autoimmune_IBD	1	0	1	Esophagus_Mucosa	1.39e-06	7.645e-06
STARD4	1	1	1	ALLERGIC_RHINITIS_GCST90038664__L12_ATOPIC	atopic_allergic	0	1	1	Brain_Nucleus_accumbens_basal_ganglia	0.00195	0.0097499999999999
STX1B	1	1	1	NASAL_POLYPS_GCST90018883__L12_PSORIASIS	autoimmune_IBD	1	0	1	Brain_Cerebellar_Hemisphere	1.43e-06	7.15e-06
STX4	1	1	1	NASAL_POLYPS_GCST90018883__L12_PSORIASIS	autoimmune_IBD	1	0	1	Brain_Putamen_basal_ganglia	1.54e-06	6.16e-06
TMOD4	1	1	1	NASAL_POLYPS_GCST90018883__ASTHMA_EOSINOPHIL_SUGG	asthma_lower_airway	0	1	1	Vagina	0.00104	0.00312
TNFSF4	1	1	1	ALLERGIC_RHINITIS_GCST90038664__H7_ALLERGICCONJUNCTIVITIS	atopic_allergic	1	0	1	Heart_Atrial_Appendage	0.000376	0.00282
TOMM40L	1	1	1	ALLERGIC_RHINITIS_GCST90038664__ALLERG_ASTHMA	asthma_lower_airway	0	1	1	Spleen	8.22e-06	3.699e-05
TSLP	1	1	1	NASAL_POLYPS_GCST90018883__J10_ASTHMA_EXMORE	asthma_lower_airway	1	0	1	Esophagus_Gastroesophageal_Junction	1.2e-08	7.200000000000001e-08
VKORC1	1	1	1	NASAL_POLYPS_GCST90018883__L12_PSORIASIS	autoimmune_IBD	1	0	1	Muscle_Skeletal	8.46e-06	1.692e-05
VMO1	1	1	1	NASAL_POLYPS_GCST90018883__ASTHMA_EOSINOPHIL_SUGG	asthma_lower_airway	1	0	1	Breast_Mammary_Tissue	0.000105	0.0003325
VPS72	1	1	1	NASAL_POLYPS_GCST90018883__ASTHMA_EOSINOPHIL_SUGG	asthma_lower_airway	0	1	1	Brain_Cerebellum	0.0106	0.0353333333333333
ZMYND15	1	1	1	NASAL_POLYPS_GCST90018883__ASTHMA_EOSINOPHIL_SUGG	asthma_lower_airway	1	0	1	Cells_Cultured_fibroblasts	0.0035	0.0128333333333333
ZNF646	1	1	1	NASAL_POLYPS_GCST90018883__L12_PSORIASIS	autoimmune_IBD	1	0	1	Artery_Tibial	5.79e-07	4.632e-06
ZNF668	1	1	1	NASAL_POLYPS_GCST90018883__L12_PSORIASIS	autoimmune_IBD	1	0	1	Artery_Aorta	1.66e-06	6.7550000000000005e-06
ZNF764	1	1	1	NASAL_POLYPS_GCST90018883__L12_PSORIASIS	autoimmune_IBD	1	0	1	Small_Intestine_Terminal_Ileum	0.0358	0.0358
