P	locus_id	chr	cytoband	cytoband_name	mid	genome_pos	locus_grade	support_n	n_pairs_at_locus	nearest_gene	positive_genes	gene_a_genes	n_gene_a	best_mtag_score	pair_id
P2	unified_locus_000022	1	chr1:160.5-161.7Mb	1q23.3	161104112.5	161104112.5	B	3	1	APOA2	APOA2	No Gene-A gene assigned	0	Not available	ALLERGIC_RHINITIS_GCST90038664__ALLERG_ASTHMA
P2	unified_locus_000023	1	chr1:166.7-168.2Mb	1q24.2	167443999	167443999	B	3	9	CD247	CD247	No Gene-A gene assigned	0	Not available	ALLERGIC_RHINITIS_GCST90038664__ALLERG_ASTHMA
P2	unified_locus_000036	10	chr10:7.6-10.1Mb	10p14	8817328	1331786284.5	B	3	6	PRKCQ	PRKCQ	No Gene-A gene assigned	0	Not available	ALLERGIC_RHINITIS_GCST90038664__ALLERG_ASTHMA
P2	unified_locus_000066	11	chr11:75.4-77.2Mb	11q13.5	76304124.5	1461968278	B	3	6	LRRC32	ACER3, TSKU	No Gene-A gene assigned	0	Not available	ALLERGIC_RHINITIS_GCST90038664__ALLERG_ASTHMA
P2	unified_locus_000073	11	chr11:118.2-119.4Mb	11q23.3	118801190	1504465343.5	A	5	4	CCDC84	CCDC84	No Gene-A gene assigned	0	Not available	ALLERGIC_RHINITIS_GCST90038664__ALLERG_ASTHMA
P2	unified_locus_000139	15	chr15:59.9-62.1Mb	15q22.2	61003627.5	1890961589.5	B	3	3	ICE2	ICE2	No Gene-A gene assigned	0	Not available	ALLERGIC_RHINITIS_GCST90038664__ALLERG_ASTHMA
P2	unified_locus_000141	15	chr15:66.5-69.1Mb	15q23	67819643.5	1897777605.5	B	3	1	ICE2	ICE2	No Gene-A gene assigned	0	Not available	ALLERGIC_RHINITIS_GCST90038664__ALLERG_ASTHMA
P2	unified_locus_000151	16	chr16:10.4-11.9Mb	16p13.13	11164392.5	1931572381.5	A	5	7	CLEC16A	CLEC16A, DEXI	CLEC16A	1	Not available	ALLERGIC_RHINITIS_GCST90038664__ALLERG_ASTHMA
P2	unified_locus_000193	19	chr19:32.7-33.8Mb	19q13.11	33245077.5	2095465932	A	5	8	TDRD12	TDRD12	No Gene-A gene assigned	0	Not available	ALLERGIC_RHINITIS_GCST90038664__ALLERG_ASTHMA
P2	unified_locus_000199	2	chr2:7.8-9Mb	2p25.1	8408376	181573046.5	B	3	3	MAP4K4	MAP4K4	No Gene-A gene assigned	0	Not available	ALLERGIC_RHINITIS_GCST90038664__ALLERG_ASTHMA
P2	unified_locus_000240	2	chr2:240.1-243.2Mb	2q37.3	241659320.5	414823991	A	6	6	KIF1A	KIF1A	No Gene-A gene assigned	0	29.0405274010109	ALLERGIC_RHINITIS_GCST90038664__ALLERG_ASTHMA
P2	unified_locus_000294	4	chr4:37.9-40.7Mb	4p14	39283418.5	651064609	B	4	2	FAM114A1	TLR1, TLR10	No Gene-A gene assigned	0	30.0235832685503	ALLERGIC_RHINITIS_GCST90038664__ALLERG_ASTHMA
P2	unified_locus_000301	4	chr4:121.6-123.8Mb	4q27	122704155	734485345.5	B	3	1	ANXA5	TNIP3, QRFPR	No Gene-A gene assigned	0	Not available	ALLERGIC_RHINITIS_GCST90038664__ALLERG_ASTHMA
P2	unified_locus_000310	5	chr5:35.2-36.5Mb	5p13.2	35871945	770978674.5	B	4	13	IL7R	IL7R, UGT3A1	No Gene-A gene assigned	0	23.7306340102874	ALLERGIC_RHINITIS_GCST90038664__ALLERG_ASTHMA
P2	unified_locus_000405	9	chr9:3.6-7.6Mb	9p24.1	5561139	1213492126	B	4	6	INSL6	IL33, TPD52L3	No Gene-A gene assigned	0	28.9316965230749	ALLERGIC_RHINITIS_GCST90038664__ALLERG_ASTHMA
P4	unified_locus_000437	1	chr1:166.7-168Mb	1q24.2	167338814	167338814	B	3	9	CD247	CD247	No Gene-A gene assigned	0	Not available	ALLERGIC_RHINITIS_GCST90038664__ASTHMA_EOSINOPHIL_SUGG
P4	unified_locus_000446	10	chr10:7.6-10.1Mb	10p14	8817328	1331786284.5	B	3	6	PRKCQ	PRKCQ	No Gene-A gene assigned	0	Not available	ALLERGIC_RHINITIS_GCST90038664__ASTHMA_EOSINOPHIL_SUGG
P4	unified_locus_000480	12	chr12:54.5-57.6Mb	12q13.2	56057818	1560609711	A	5	1	METTL7B	ITGA7, NACA	RBMS2, PRIM1	2	Not available	ALLERGIC_RHINITIS_GCST90038664__ASTHMA_EOSINOPHIL_SUGG
P4	unified_locus_000510	15	chr15:60.2-61.3Mb	15q22.2	60782211.5	1890740173.5	B	3	3	ICE2	ICE2	No Gene-A gene assigned	0	Not available	ALLERGIC_RHINITIS_GCST90038664__ASTHMA_EOSINOPHIL_SUGG
P4	unified_locus_000512	15	chr15:65.7-68.2Mb	15q22.31	66993581.5	1896951543.5	A	5	2	ICE2	ICE2	No Gene-A gene assigned	0	Not available	ALLERGIC_RHINITIS_GCST90038664__ASTHMA_EOSINOPHIL_SUGG
P4	unified_locus_000520	16	chr16:10.4-11.9Mb	16p13.13	11164392.5	1931572381.5	A	5	7	CLEC16A	CLEC16A, DEXI	CLEC16A	1	Not available	ALLERGIC_RHINITIS_GCST90038664__ASTHMA_EOSINOPHIL_SUGG
P4	unified_locus_000550	19	chr19:32.7-33.8Mb	19q13.11	33245077.5	2095465932	B	3	8	Not assigned	chr19:32.7-33.8Mb	No Gene-A gene assigned	0	Not available	ALLERGIC_RHINITIS_GCST90038664__ASTHMA_EOSINOPHIL_SUGG
P4	unified_locus_000576	2	chr2:241.2-242.3Mb	2q37.3	241769608.5	414934279	A	6	6	KIF1A	KIF1A	No Gene-A gene assigned	0	22.4126960878414	ALLERGIC_RHINITIS_GCST90038664__ASTHMA_EOSINOPHIL_SUGG
P4	unified_locus_000620	5	chr5:35.2-37.1Mb	5p13.2	36157644	771264373.5	A	6	13	UGT3A1	UGT3A1, IL7R	IL7R, UGT3A1, UGT3A2, CAPSL, SPEF2	5	22.5869279486119	ALLERGIC_RHINITIS_GCST90038664__ASTHMA_EOSINOPHIL_SUGG
P4	unified_locus_000638	6	chr6:89.6-90.8Mb	6q15	90204109	967690065	B	3	6	ANKRD6	ANKRD6, RRAGD	No Gene-A gene assigned	0	Not available	ALLERGIC_RHINITIS_GCST90038664__ASTHMA_EOSINOPHIL_SUGG
P4	unified_locus_000665	9	chr9:4.6-7.3Mb	9p24.1	5955544.5	1213886531.5	B	4	6	IL33	IL33, TPD52L3	No Gene-A gene assigned	0	31.8777002809552	ALLERGIC_RHINITIS_GCST90038664__ASTHMA_EOSINOPHIL_SUGG
P1	unified_locus_000698	1	chr1:172.2-173.7Mb	1q25.1	172953440	172953440	A	5	1	TNFSF4	TNFSF4	TNFSF4	1	Not available	ALLERGIC_RHINITIS_GCST90038664__H7_ALLERGICCONJUNCTIVITIS
P1	unified_locus_000749	11	chr11:75.4-77.2Mb	11q13.5	76306014.5	1461970168	B	3	6	LRRC32	TSKU, ACER3	No Gene-A gene assigned	0	Not available	ALLERGIC_RHINITIS_GCST90038664__H7_ALLERGICCONJUNCTIVITIS
P1	unified_locus_000779	12	chr12:110.8-113.1Mb	12q24.12	111931538.5	1616483431.5	B	3	2	PLA2G1B	PLA2G1B	No Gene-A gene assigned	0	Not available	ALLERGIC_RHINITIS_GCST90038664__H7_ALLERGICCONJUNCTIVITIS
P1	unified_locus_000812	15	chr15:40.5-42Mb	15q15.1	41233057	1871191019	A	5	1	CHAC1	EXD1, INO80	INO80, CHAC1, EXD1	3	Not available	ALLERGIC_RHINITIS_GCST90038664__H7_ALLERGICCONJUNCTIVITIS
P1	unified_locus_000815	15	chr15:60-61.4Mb	15q22.2	60692401	1890650363	A	5	3	ICE2	ICE2	ICE2	1	Not available	ALLERGIC_RHINITIS_GCST90038664__H7_ALLERGICCONJUNCTIVITIS
P1	unified_locus_000821	15	chr15:89.8-91.6Mb	15q26.1	90717062	1920675024	B	3	1	ARPIN	ARPIN, C15orf38-AP3S2	No Gene-A gene assigned	0	Not available	ALLERGIC_RHINITIS_GCST90038664__H7_ALLERGICCONJUNCTIVITIS
P1	unified_locus_000826	16	chr16:10.4-11.9Mb	16p13.13	11171614.5	1931579603.5	A	5	7	CLEC16A	CLEC16A, DEXI	CLEC16A	1	Not available	ALLERGIC_RHINITIS_GCST90038664__H7_ALLERGICCONJUNCTIVITIS
P1	unified_locus_000848	17	chr17:38.9-41.2Mb	17q21.2	40071986.5	2030149194.5	B	3	3	JUP	ATP6V0A1, HSD17B1	No Gene-A gene assigned	0	Not available	ALLERGIC_RHINITIS_GCST90038664__H7_ALLERGICCONJUNCTIVITIS
P1	unified_locus_000880	19	chr19:32.7-33.8Mb	19q13.11	33249249	2095470103.5	B	3	8	Not assigned	chr19:32.7-33.8Mb	No Gene-A gene assigned	0	Not available	ALLERGIC_RHINITIS_GCST90038664__H7_ALLERGICCONJUNCTIVITIS
P1	unified_locus_000887	2	chr2:7.8-9Mb	2p25.1	8408376	181573046.5	A	5	3	MAP4K4	MAP4K4	No Gene-A gene assigned	0	Not available	ALLERGIC_RHINITIS_GCST90038664__H7_ALLERGICCONJUNCTIVITIS
P1	unified_locus_000929	2	chr2:241.1-243.2Mb	2q37.3	242128679	415293349.5	A	5	6	SNED1	KIF1A, SNED1	No Gene-A gene assigned	0	Not available	ALLERGIC_RHINITIS_GCST90038664__H7_ALLERGICCONJUNCTIVITIS
P1	unified_locus_000943	20	chr20:53.1-54.7Mb	20q13.2	53860577	2166502966.5	B	3	1	CNBD2	CNBD2	No Gene-A gene assigned	0	Not available	ALLERGIC_RHINITIS_GCST90038664__H7_ALLERGICCONJUNCTIVITIS
P1	unified_locus_000975	3	chr3:140.8-142.1Mb	3q23	141467587	556620621.5	B	3	1	RNF7	LOC646730, RNF7	No Gene-A gene assigned	0	Not available	ALLERGIC_RHINITIS_GCST90038664__H7_ALLERGICCONJUNCTIVITIS
P1	unified_locus_000978	3	chr3:186-189.5Mb	3q27.3	187719872.5	602872907	B	3	5	LPP	LPP	No Gene-A gene assigned	0	Not available	ALLERGIC_RHINITIS_GCST90038664__H7_ALLERGICCONJUNCTIVITIS
P1	unified_locus_000987	4	chr4:37.9-40.5Mb	4p14	39176494.5	650957685	B	4	2	FAM114A1	TLR6, FAM114A1	No Gene-A gene assigned	0	39.4315875512251	ALLERGIC_RHINITIS_GCST90038664__H7_ALLERGICCONJUNCTIVITIS
P1	unified_locus_000996	4	chr4:120.6-123.9Mb	4q27	122252832.5	734034023	B	3	3	QRFPR	ANXA5, QRFPR	No Gene-A gene assigned	0	Not available	ALLERGIC_RHINITIS_GCST90038664__H7_ALLERGICCONJUNCTIVITIS
P1	unified_locus_001007	5	chr5:35.2-36.7Mb	5p13.2	35945310.5	771052040	B	3	13	CAPSL	UGT3A1, IL7R	No Gene-A gene assigned	0	Not available	ALLERGIC_RHINITIS_GCST90038664__H7_ALLERGICCONJUNCTIVITIS
P1	unified_locus_001099	8	chr8:127.3-129.3Mb	8q24.21	128276552.5	1217239709.5	B	3	1	Not assigned	chr8:127.3-129.3Mb	No Gene-A gene assigned	0	Not available	ALLERGIC_RHINITIS_GCST90038664__H7_ALLERGICCONJUNCTIVITIS
P5	unified_locus_001170	1	chr1:166.1-168.2Mb	1q24.1	167104655	167104655	A	5	9	CD247	CD247	CD247	1	Not available	ALLERGIC_RHINITIS_GCST90038664__J10_ASTHMA_EXMORE
P5	unified_locus_001249	11	chr11:75.4-77.2Mb	11q13.5	76328534.5	1461992688	B	3	6	LRRC32	ACER3, TSKU	No Gene-A gene assigned	0	Not available	ALLERGIC_RHINITIS_GCST90038664__J10_ASTHMA_EXMORE
P5	unified_locus_001460	2	chr2:7.7-9Mb	2p25.1	8372764.5	181537435	A	5	3	MAP4K4	MAP4K4	No Gene-A gene assigned	0	Not available	ALLERGIC_RHINITIS_GCST90038664__J10_ASTHMA_EXMORE
P5	unified_locus_001528	2	chr2:241.2-243.2Mb	2q37.3	242211527.5	415376198	A	6	6	KIF1A	KIF1A	No Gene-A gene assigned	0	29.0927793874973	ALLERGIC_RHINITIS_GCST90038664__J10_ASTHMA_EXMORE
P8	unified_locus_002414	4	chr4:99.6-103.8Mb	4q24	101682165.5	713463356	B	3	1	TNIP3	TNIP3	No Gene-A gene assigned	0	Not available	ALLERGIC_RHINITIS_GCST90038664__J10_CHRONTONSADEN
P8	unified_locus_002439	5	chr5:35.3-36.5Mb	5p13.2	35924336	771031065.5	B	4	13	CAPSL	UGT3A1, IL7R	No Gene-A gene assigned	0	21.4858860638786	ALLERGIC_RHINITIS_GCST90038664__J10_CHRONTONSADEN
P9	unified_locus_002656	11	chr11:75.4-77.1Mb	11q13.5	76267792.5	1461931946	B	3	6	TSKU	TSKU, ACER3	No Gene-A gene assigned	0	Not available	ALLERGIC_RHINITIS_GCST90038664__K11_CD_STRICT2
P10	unified_locus_002873	11	chr11:118.2-119.8Mb	11q23.3	119016813.5	1504680967	B	2	4	CCDC84	CCDC84	No Gene-A gene assigned	0	Not available	ALLERGIC_RHINITIS_GCST90038664__K11_COELIAC
P10	unified_locus_002886	12	chr12:110.8-113.1Mb	12q24.12	111940355.5	1616492248.5	B	2	2	MSI1	MSI1	No Gene-A gene assigned	0	Not available	ALLERGIC_RHINITIS_GCST90038664__K11_COELIAC
P10	unified_locus_002911	15	chr15:66.6-68.2Mb	15q22.33	67443668.5	1897401630.5	A	4	2	ICE2	ICE2	C15orf61	1	Not available	ALLERGIC_RHINITIS_GCST90038664__K11_COELIAC
P11	unified_locus_003194	11	chr11:75.4-77.2Mb	11q13.5	76305757.5	1461969911	B	3	6	TSKU	TSKU, ACER3	No Gene-A gene assigned	0	Not available	ALLERGIC_RHINITIS_GCST90038664__K11_IBD_STRICT
P3	unified_locus_003613	1	chr1:166.7-168Mb	1q24.2	167349007.5	167349007.5	B	3	9	CD247	CD247	No Gene-A gene assigned	0	Not available	ALLERGIC_RHINITIS_GCST90038664__L12_ATOPIC
P3	unified_locus_003671	11	chr11:127.8-129.3Mb	11q24.3	128520333	1514184486.5	B	3	1	CCDC84	CCDC84	No Gene-A gene assigned	0	Not available	ALLERGIC_RHINITIS_GCST90038664__L12_ATOPIC
P3	unified_locus_003733	15	chr15:59.3-61.3Mb	15q22.2	60336573	1890294535	B	3	1	ICE2	ICE2	No Gene-A gene assigned	0	Not available	ALLERGIC_RHINITIS_GCST90038664__L12_ATOPIC
P3	unified_locus_003768	17	chr17:39.2-41.2Mb	17q21.2	40234033.5	2030311241.5	B	3	3	ATP6V0A1	ATP6V0A1, NAGLU	No Gene-A gene assigned	0	Not available	ALLERGIC_RHINITIS_GCST90038664__L12_ATOPIC
P3	unified_locus_003798	19	chr19:31.6-35.7Mb	19q13.11	33644047.5	2095864902	B	3	2	TDRD12	TDRD12	No Gene-A gene assigned	0	Not available	ALLERGIC_RHINITIS_GCST90038664__L12_ATOPIC
P3	unified_locus_003845	2	chr2:241-242.5Mb	2q37.3	241722742	414887412.5	B	4	6	KIF1A	KIF1A	No Gene-A gene assigned	0	24.8065483997988	ALLERGIC_RHINITIS_GCST90038664__L12_ATOPIC
P3	unified_locus_003902	3	chr3:187.2-189.6Mb	3q28	188408518.5	603561553	B	3	5	LPP	LPP	No Gene-A gene assigned	0	Not available	ALLERGIC_RHINITIS_GCST90038664__L12_ATOPIC
P3	unified_locus_003915	4	chr4:120.6-123.9Mb	4q27	122237492.5	734018683	B	3	3	QRFPR	TNIP3, QRFPR	No Gene-A gene assigned	0	Not available	ALLERGIC_RHINITIS_GCST90038664__L12_ATOPIC
P3	unified_locus_003928	5	chr5:35.1-37.2Mb	5p13.2	36188675	771295404.5	B	4	13	UGT3A1	UGT3A1, CAPSL	No Gene-A gene assigned	0	26.6902296051239	ALLERGIC_RHINITIS_GCST90038664__L12_ATOPIC
P3	unified_locus_003937	5	chr5:109.6-111.9Mb	5q22.1	110758015.5	845864745	B	4	5	CAMK4	NREP, CAMK4	No Gene-A gene assigned	0	26.9310568050332	ALLERGIC_RHINITIS_GCST90038664__L12_ATOPIC
P6	unified_locus_004072	1	chr1:166.7-168.2Mb	1q24.2	167454192.5	167454192.5	B	3	9	CD247	CD247	No Gene-A gene assigned	0	Not available	ALLERGIC_RHINITIS_GCST90038664__L12_DERMATITISECZEMA
P6	unified_locus_004131	11	chr11:75.4-77.3Mb	11q13.5	76357232.5	1462021386	B	3	6	LRRC32	TSKU, ACER3	No Gene-A gene assigned	0	Not available	ALLERGIC_RHINITIS_GCST90038664__L12_DERMATITISECZEMA
P6	unified_locus_004228	17	chr17:38.3-41.2Mb	17q21.2	39749230	2029826438	B	3	3	GAST	ATP6V0A1, HSD17B1	No Gene-A gene assigned	0	Not available	ALLERGIC_RHINITIS_GCST90038664__L12_DERMATITISECZEMA
P6	unified_locus_004262	19	chr19:31.6-33.9Mb	19q13.11	32759246.5	2094980101	A	5	8	TDRD12	TDRD12	No Gene-A gene assigned	0	Not available	ALLERGIC_RHINITIS_GCST90038664__L12_DERMATITISECZEMA
P6	unified_locus_004309	2	chr2:241.2-243.2Mb	2q37.3	242211632	415376302.5	A	6	6	KIF1A	KIF1A	No Gene-A gene assigned	0	23.4515790458085	ALLERGIC_RHINITIS_GCST90038664__L12_DERMATITISECZEMA
P6	unified_locus_004391	4	chr4:120.6-123.9Mb	4q27	122237492.5	734018683	B	3	3	QRFPR	QRFPR, TNIP3	No Gene-A gene assigned	0	Not available	ALLERGIC_RHINITIS_GCST90038664__L12_DERMATITISECZEMA
P6	unified_locus_004402	5	chr5:35.1-36.7Mb	5p13.2	35858268	770964997.5	B	4	13	IL7R	UGT3A1, CAPSL	No Gene-A gene assigned	0	26.9727619224636	ALLERGIC_RHINITIS_GCST90038664__L12_DERMATITISECZEMA
P13	unified_locus_004549	1	chr1:166.7-168.2Mb	1q24.2	167454192.5	167454192.5	A	5	9	CD247	CD247	CD247	1	Not available	ALLERGIC_RHINITIS_GCST90038664__M13_RHEUMA
P12	unified_locus_004957	12	chr12:54.2-55.4Mb	12q13.13	54829060.5	1559380953.5	A	4	1	METTL7B	METTL7B	No Gene-A gene assigned	0	Not available	ALLERGIC_RHINITIS_GCST90038664__RHEUMA_SEROPOS_WIDE
P16	unified_locus_005223	1	chr1:166.9-168Mb	1q24.2	167452305.5	167452305.5	A	5	9	CD247	CD247	CD247	1	Not available	NASAL_POLYPS_GCST90018883__ALLERG_ASTHMA
P16	unified_locus_005239	10	chr10:7.5-10.1Mb	10p14	8814174.5	1331783131	B	4	6	RHOBTB1	RHOBTB1	No Gene-A gene assigned	0	24.2672434234927	NASAL_POLYPS_GCST90018883__ALLERG_ASTHMA
P16	unified_locus_005243	10	chr10:62.1-63.5Mb	10q21.2	62813499	1385782455.5	B	3	2	RHOBTB1	RHOBTB1	No Gene-A gene assigned	0	Not available	NASAL_POLYPS_GCST90018883__ALLERG_ASTHMA
P16	unified_locus_005266	11	chr11:118.2-119.4Mb	11q23.3	118772958.5	1504437112	B	2	4	GAL3ST3	GAL3ST3	No Gene-A gene assigned	0	Not available	NASAL_POLYPS_GCST90018883__ALLERG_ASTHMA
P16	unified_locus_005307	16	chr16:10.4-11.9Mb	16p13.13	11162965.5	1931570954.5	A	5	7	CLEC16A	CLEC16A, CIITA	CLEC16A, CIITA, DEXI	3	Not available	NASAL_POLYPS_GCST90018883__ALLERG_ASTHMA
P16	unified_locus_005308	16	chr16:26.2-28.3Mb	16p12.1	27250144	1947658133	B	3	3	NSMCE1	IL4R, NSMCE1	No Gene-A gene assigned	0	Not available	NASAL_POLYPS_GCST90018883__ALLERG_ASTHMA
P16	unified_locus_005345	19	chr19:32.7-33.9Mb	19q13.11	33315650	2095536504.5	B	3	8	ADCK4	ADCK4	No Gene-A gene assigned	0	Not available	NASAL_POLYPS_GCST90018883__ALLERG_ASTHMA
P16	unified_locus_005362	2	chr2:110.6-111.8Mb	2q13	111185494.5	284350165	B	3	3	MAP4K4	MAP4K4	No Gene-A gene assigned	0	Not available	NASAL_POLYPS_GCST90018883__ALLERG_ASTHMA
P16	unified_locus_005390	22	chr22:36.4-37.6Mb	22q12.3	37004833	2287056734	B	3	2	Not assigned	chr22:36.4-37.6Mb	No Gene-A gene assigned	0	Not available	NASAL_POLYPS_GCST90018883__ALLERG_ASTHMA
P16	unified_locus_005418	3	chr3:187.4-189.3Mb	3q28	188333631.5	603486666	B	3	5	LPP	LPP	No Gene-A gene assigned	0	Not available	NASAL_POLYPS_GCST90018883__ALLERG_ASTHMA
P16	unified_locus_005436	5	chr5:35.3-36.5Mb	5p13.2	35916758.5	771023488	B	3	13	IL7R	UGT3A1, IL7R	No Gene-A gene assigned	0	Not available	NASAL_POLYPS_GCST90018883__ALLERG_ASTHMA
P16	unified_locus_005442	5	chr5:109.6-112.3Mb	5q22.1	110936285	846043014.5	A	6	5	NREP	NREP	WDR36, CAMK4, NREP	3	42.6015917593095	NASAL_POLYPS_GCST90018883__ALLERG_ASTHMA
P16	unified_locus_005444	5	chr5:128.5-133.5Mb	5q31.1	130984007.5	866090737	B	3	5	RAPGEF6	HSPA4, CCNI2	No Gene-A gene assigned	0	Not available	NASAL_POLYPS_GCST90018883__ALLERG_ASTHMA
P16	unified_locus_005463	6	chr6:89.1-91.1Mb	6q15	90092454	967578410	A	6	6	RRAGD	RRAGD, ANKRD6	ANKRD6	1	22.4086007834854	NASAL_POLYPS_GCST90018883__ALLERG_ASTHMA
P16	unified_locus_005498	9	chr9:3.6-7.7Mb	9p24.1	5644196	1213575183	A	6	6	IL33	TPD52L3, IL33	IL33, GLDC, UHRF2	3	47.4931076738639	NASAL_POLYPS_GCST90018883__ALLERG_ASTHMA
P14	unified_locus_005526	1	chr1:150.1-151.7Mb	1q21.3	150903372.5	150903372.5	B	3	2	FAM63A	PRUNE, CTSK	No Gene-A gene assigned	0	Not available	NASAL_POLYPS_GCST90018883__ASTHMA_EOSINOPHIL_SUGG
P14	unified_locus_005529	1	chr1:166.9-168Mb	1q24.2	167452305.5	167452305.5	A	5	9	CD247	CD247	CD247	1	Not available	NASAL_POLYPS_GCST90018883__ASTHMA_EOSINOPHIL_SUGG
P14	unified_locus_005533	1	chr1:198.1-199.3Mb	1q31.3	198692070.5	198692070.5	A	5	2	CD247	CD247	No Gene-A gene assigned	0	Not available	NASAL_POLYPS_GCST90018883__ASTHMA_EOSINOPHIL_SUGG
P14	unified_locus_005543	10	chr10:7.5-10.1Mb	10p14	8815346.5	1331784303	B	4	6	IL2RA	IL2RA	No Gene-A gene assigned	0	33.1630033345775	NASAL_POLYPS_GCST90018883__ASTHMA_EOSINOPHIL_SUGG
P14	unified_locus_005547	10	chr10:60.4-63.5Mb	10q21.2	61945011	1384913967.5	B	3	1	RHOBTB1	RHOBTB1	No Gene-A gene assigned	0	Not available	NASAL_POLYPS_GCST90018883__ASTHMA_EOSINOPHIL_SUGG
P14	unified_locus_005558	11	chr11:61.3-62.4Mb	11q12.3	61823010.5	1447487164	A	5	6	GAL3ST3	GAL3ST3	No Gene-A gene assigned	0	Not available	NASAL_POLYPS_GCST90018883__ASTHMA_EOSINOPHIL_SUGG
P14	unified_locus_005571	12	chr12:55.5-57.6Mb	12q13.2	56555612	1561107505	A	5	3	ITGA7	ITGA7, METTL7B	NACA, SPRYD4	2	Not available	NASAL_POLYPS_GCST90018883__ASTHMA_EOSINOPHIL_SUGG
P14	unified_locus_005586	13	chr13:98.7-101Mb	13q32.3	99829601.5	1727595135.5	B	3	2	SLC15A1	STK24, SLC15A1	No Gene-A gene assigned	0	Not available	NASAL_POLYPS_GCST90018883__ASTHMA_EOSINOPHIL_SUGG
P14	unified_locus_005608	16	chr16:10.2-11.9Mb	16p13.13	11071758	1931479747	B	3	7	DEXI	CLEC16A, DEXI	No Gene-A gene assigned	0	Not available	NASAL_POLYPS_GCST90018883__ASTHMA_EOSINOPHIL_SUGG
P14	unified_locus_005609	16	chr16:26.2-28.4Mb	16p12.1	27269475	1947677464	B	3	3	IL4R	IL4R	No Gene-A gene assigned	0	Not available	NASAL_POLYPS_GCST90018883__ASTHMA_EOSINOPHIL_SUGG
P14	unified_locus_005616	17	chr17:3.4-5.2Mb	17p13.2	4313764.5	1994390972.5	A	5	1	ARRB2	CXCL16, ARRB2	ARRB2, PSMB6, VMO1, PLD2, GLTPD2, ZMYND15	6	Not available	NASAL_POLYPS_GCST90018883__ASTHMA_EOSINOPHIL_SUGG
P14	unified_locus_005633	19	chr19:32.7-33.9Mb	19q13.11	33321421	2095542275.5	B	3	8	ADCK4	ADCK4	No Gene-A gene assigned	0	Not available	NASAL_POLYPS_GCST90018883__ASTHMA_EOSINOPHIL_SUGG
P14	unified_locus_005644	2	chr2:71.3-72.5Mb	2p13.2	71927112	245091782.5	A	5	2	MAP4K4	MAP4K4	No Gene-A gene assigned	0	Not available	NASAL_POLYPS_GCST90018883__ASTHMA_EOSINOPHIL_SUGG
P14	unified_locus_005647	2	chr2:101.6-103.3Mb	2q11.2	102461674	275626344.5	B	4	1	MAP4K4	MAP4K4	No Gene-A gene assigned	0	19.4462864161617	NASAL_POLYPS_GCST90018883__ASTHMA_EOSINOPHIL_SUGG
P14	unified_locus_005648	2	chr2:110.6-112Mb	2q13	111264121	284428791.5	A	5	3	LIMS3L	LIMS3L	No Gene-A gene assigned	0	Not available	NASAL_POLYPS_GCST90018883__ASTHMA_EOSINOPHIL_SUGG
P14	unified_locus_005669	21	chr21:34.6-35.9Mb	21q22.11	35232342.5	2182462307.5	A	5	1	Not assigned	chr21:34.6-35.9Mb	No Gene-A gene assigned	0	Not available	NASAL_POLYPS_GCST90018883__ASTHMA_EOSINOPHIL_SUGG
P14	unified_locus_005684	3	chr3:70.9-72.3Mb	3p13	71592801	486745835.5	A	5	2	FOXP1	FOXP1	FOXP1	1	Not available	NASAL_POLYPS_GCST90018883__ASTHMA_EOSINOPHIL_SUGG
P14	unified_locus_005702	5	chr5:35.3-37.1Mb	5p13.2	36218965.5	771325695	B	3	13	UGT3A1	UGT3A1	No Gene-A gene assigned	0	Not available	NASAL_POLYPS_GCST90018883__ASTHMA_EOSINOPHIL_SUGG
P14	unified_locus_005705	5	chr5:109.6-112.7Mb	5q22.1	111174023	846280752.5	A	6	5	NREP	NREP	WDR36, CAMK4, NREP	3	54.4235505849078	NASAL_POLYPS_GCST90018883__ASTHMA_EOSINOPHIL_SUGG
P14	unified_locus_005707	5	chr5:129.7-134.6Mb	5q31.1	132176982.5	867283712	B	4	2	SHROOM1	AFF4, CCNI2	No Gene-A gene assigned	0	26.8115537185971	NASAL_POLYPS_GCST90018883__ASTHMA_EOSINOPHIL_SUGG
P14	unified_locus_005724	6	chr6:89.6-90.8Mb	6q15	90204109	967690065	A	5	6	ANKRD6	ANKRD6, RRAGD	ANKRD6	1	Not available	NASAL_POLYPS_GCST90018883__ASTHMA_EOSINOPHIL_SUGG
P14	unified_locus_005746	8	chr8:118.1-119.7Mb	8q24.11	118881813.5	1207844970.5	A	5	1	EXT1	EXT1	EXT1	1	Not available	NASAL_POLYPS_GCST90018883__ASTHMA_EOSINOPHIL_SUGG
P14	unified_locus_005749	9	chr9:5.1-7.4Mb	9p24.1	6244254.5	1214175241.5	B	4	6	IL33	TPD52L3, IL33	No Gene-A gene assigned	0	55.9557018994373	NASAL_POLYPS_GCST90018883__ASTHMA_EOSINOPHIL_SUGG
P24	unified_locus_005794	1	chr1:206-207.4Mb	1q32.1	206674124.5	206674124.5	B	2	1	Not assigned	chr1:206-207.4Mb	No Gene-A gene assigned	0	Not available	NASAL_POLYPS_GCST90018883__AUTOIMMUNE_NONTHYROID
P24	unified_locus_005846	12	chr12:55.5-58.6Mb	12q13.3	57026782	1561578675	B	3	3	ITGA7	ITGA7, METTL7B	No Gene-A gene assigned	0	Not available	NASAL_POLYPS_GCST90018883__AUTOIMMUNE_NONTHYROID
P24	unified_locus_006001	22	chr22:34.6-36.1Mb	22q12.3	35349002	2285400903	A	5	1	Not assigned	chr22:34.6-36.1Mb	No Gene-A gene assigned	0	Not available	NASAL_POLYPS_GCST90018883__AUTOIMMUNE_NONTHYROID
P24	unified_locus_006055	5	chr5:35.1-36.5Mb	5p13.2	35810954.5	770917684	B	3	13	IL7R	UGT3A1, IL7R	No Gene-A gene assigned	0	Not available	NASAL_POLYPS_GCST90018883__AUTOIMMUNE_NONTHYROID
P24	unified_locus_006069	5	chr5:129.8-133.5Mb	5q31.1	131621666.5	866728396	A	4	2	UQCRQ	UQCRQ	CCNI2, GDF9, SHROOM1, SOWAHA, AFF4, HSPA4	6	Not available	NASAL_POLYPS_GCST90018883__AUTOIMMUNE_NONTHYROID
P27	unified_locus_006371	3	chr3:187.3-189.3Mb	3q28	188254114.5	603407149	B	2	5	LPP	LPP	No Gene-A gene assigned	0	Not available	NASAL_POLYPS_GCST90018883__H7_ALLERGICCONJUNCTIVITIS
P27	unified_locus_006411	6	chr6:89.6-90.8Mb	6q15	90204109	967690065	A	6	6	ANKRD6	ANKRD6, RRAGD	ANKRD6	1	19.0750795555411	NASAL_POLYPS_GCST90018883__H7_ALLERGICCONJUNCTIVITIS
P19	unified_locus_006521	22	chr22:19.3-20.3Mb	22q11.21	19779742.5	2269831643.5	B	3	3	Not assigned	chr22:19.3-20.3Mb	No Gene-A gene assigned	0	Not available	NASAL_POLYPS_GCST90018883__H8_EUSTSALP
P26	unified_locus_006580	11	chr11:61.3-62.3Mb	11q12.3	61811021.5	1447475175	B	2	6	Not assigned	chr11:61.3-62.3Mb	No Gene-A gene assigned	0	Not available	NASAL_POLYPS_GCST90018883__H8_MIDDLEMASTOID
P26	unified_locus_006614	16	chr16:10.4-11.8Mb	16p13.13	11087499	1931495488	A	6	7	DEXI	CLEC16A, CIITA	CLEC16A, CIITA, DEXI	3	13.12314377335	NASAL_POLYPS_GCST90018883__H8_MIDDLEMASTOID
P26	unified_locus_006631	17	chr17:69.8-71.1Mb	17q24.3	70454029.5	2060531237.5	B	2	1	ZMYND15	ZMYND15	No Gene-A gene assigned	0	Not available	NASAL_POLYPS_GCST90018883__H8_MIDDLEMASTOID
P26	unified_locus_006665	22	chr22:19.3-20.3Mb	22q11.21	19784286	2269836187	A	5	3	GNB1L	GNB1L, TBX1	TBX1, GNB1L	2	Not available	NASAL_POLYPS_GCST90018883__H8_MIDDLEMASTOID
P29	unified_locus_006783	22	chr22:19.3-20.3Mb	22q11.21	19779742.5	2269831643.5	B	2	3	Not assigned	chr22:19.3-20.3Mb	No Gene-A gene assigned	0	Not available	NASAL_POLYPS_GCST90018883__H8_SUP_ACUTE
P29	unified_locus_006814	9	chr9:5.4-7.1Mb	9p24.1	6272169	1214203156	B	3	6	IL33	TPD52L3, IL33	No Gene-A gene assigned	0	Not available	NASAL_POLYPS_GCST90018883__H8_SUP_ACUTE
P15	unified_locus_006826	1	chr1:24.1-25.4Mb	1p36.11	24751177.5	24751177.5	B	3	1	NCMAP	NCMAP	No Gene-A gene assigned	0	Not available	NASAL_POLYPS_GCST90018883__J10_ASTHMA_EXMORE
P15	unified_locus_006851	1	chr1:166.1-168.2Mb	1q24.1	167117156.5	167117156.5	A	5	9	CD247	CD247	CD247	1	Not available	NASAL_POLYPS_GCST90018883__J10_ASTHMA_EXMORE
P15	unified_locus_006858	1	chr1:198-199.8Mb	1q32.1	198867193.5	198867193.5	B	3	2	CD247	CD247	No Gene-A gene assigned	0	Not available	NASAL_POLYPS_GCST90018883__J10_ASTHMA_EXMORE
P15	unified_locus_006875_sub001	10	chr10:7.1-9.1Mb	10p14	8064538.5	1331033495	B	3	1	RHOBTB1	RHOBTB1	No Gene-A gene assigned	0	Not available	NASAL_POLYPS_GCST90018883__J10_ASTHMA_EXMORE
P15	unified_locus_006875_sub002	10	chr10:7.5-9.5Mb	10p14	8473361.5	1331442318	B	3	1	RHOBTB1	RHOBTB1	No Gene-A gene assigned	0	Not available	NASAL_POLYPS_GCST90018883__J10_ASTHMA_EXMORE
P15	unified_locus_006875_sub003	10	chr10:7.8-9.8Mb	10p14	8799705.5	1331768662	A	6	6	RHOBTB1	RHOBTB1	No Gene-A gene assigned	0	33.0723401602441	NASAL_POLYPS_GCST90018883__J10_ASTHMA_EXMORE
P15	unified_locus_006875_sub004	10	chr10:7.9-9.9Mb	10p14	8939255.5	1331908212	A	6	6	RHOBTB1	RHOBTB1	No Gene-A gene assigned	0	33.0723401602441	NASAL_POLYPS_GCST90018883__J10_ASTHMA_EXMORE
P15	unified_locus_006875_sub005	10	chr10:8-10Mb	10p14	8973266.5	1331942223	A	6	6	RHOBTB1	RHOBTB1	No Gene-A gene assigned	0	33.0723401602441	NASAL_POLYPS_GCST90018883__J10_ASTHMA_EXMORE
P15	unified_locus_006875_sub006	10	chr10:8-10Mb	10p14	8975980.5	1331944937	B	4	6	RHOBTB1	RHOBTB1	No Gene-A gene assigned	0	33.0723401602441	NASAL_POLYPS_GCST90018883__J10_ASTHMA_EXMORE
P15	unified_locus_006875_sub007	10	chr10:8-10Mb	10p14	8993290.5	1331962247	B	4	6	RHOBTB1	RHOBTB1	No Gene-A gene assigned	0	33.0723401602441	NASAL_POLYPS_GCST90018883__J10_ASTHMA_EXMORE
P15	unified_locus_006875_sub008	10	chr10:8-10Mb	10p14	9011168.5	1331980125	B	4	6	RHOBTB1	RHOBTB1	No Gene-A gene assigned	0	33.0723401602441	NASAL_POLYPS_GCST90018883__J10_ASTHMA_EXMORE
P15	unified_locus_006875_sub009	10	chr10:8.1-10.1Mb	10p14	9130269.5	1332099226	B	4	6	RHOBTB1	RHOBTB1	No Gene-A gene assigned	0	33.0723401602441	NASAL_POLYPS_GCST90018883__J10_ASTHMA_EXMORE
P15	unified_locus_006875_sub010	10	chr10:8.3-10.3Mb	10p14	9317709.5	1332286666	A	6	6	RHOBTB1	RHOBTB1	No Gene-A gene assigned	0	33.0723401602441	NASAL_POLYPS_GCST90018883__J10_ASTHMA_EXMORE
P15	unified_locus_006885	10	chr10:62.1-63.5Mb	10q21.2	62813499	1385782455.5	B	3	2	RHOBTB1	RHOBTB1	No Gene-A gene assigned	0	Not available	NASAL_POLYPS_GCST90018883__J10_ASTHMA_EXMORE
P15	unified_locus_006914	11	chr11:61.1-62.8Mb	11q12.3	61980218	1447644371.5	B	3	6	TSGA10IP	TSGA10IP	No Gene-A gene assigned	0	Not available	NASAL_POLYPS_GCST90018883__J10_ASTHMA_EXMORE
P15	unified_locus_006948	12	chr12:55.5-58.5Mb	12q13.3	56999241.5	1561551134.5	B	3	3	ITGA7	ITGA7, METTL7B	No Gene-A gene assigned	0	Not available	NASAL_POLYPS_GCST90018883__J10_ASTHMA_EXMORE
P15	unified_locus_006988	13	chr13:98.6-100.4Mb	13q32.3	99503255.5	1727268789.5	B	3	2	SLC15A1	STK24, SLC15A1	No Gene-A gene assigned	0	Not available	NASAL_POLYPS_GCST90018883__J10_ASTHMA_EXMORE
P15	unified_locus_007037	16	chr16:10.4-12.5Mb	16p13.13	11430905.5	1931838894.5	B	3	7	CLEC16A	CLEC16A, DEXI	No Gene-A gene assigned	0	Not available	NASAL_POLYPS_GCST90018883__J10_ASTHMA_EXMORE
P15	unified_locus_007039	16	chr16:26.2-28.3Mb	16p12.1	27250144	1947658133	B	3	3	NSMCE1	IL4R, NSMCE1	No Gene-A gene assigned	0	Not available	NASAL_POLYPS_GCST90018883__J10_ASTHMA_EXMORE
P15	unified_locus_007096	19	chr19:32.6-36.4Mb	19q13.11	34495517	2096716371.5	B	3	2	CEP89	TDRD12, CEP89	No Gene-A gene assigned	0	Not available	NASAL_POLYPS_GCST90018883__J10_ASTHMA_EXMORE
P15	unified_locus_007135	2	chr2:110.5-113.1Mb	2q13	111764680.5	284929351	A	5	1	LIMS3L	LIMS3L	No Gene-A gene assigned	0	Not available	NASAL_POLYPS_GCST90018883__J10_ASTHMA_EXMORE
P15	unified_locus_007197	22	chr22:36.6-37.7Mb	22q12.3	37148696.5	2287200597.5	A	5	2	Not assigned	chr22:36.6-37.7Mb	No Gene-A gene assigned	0	Not available	NASAL_POLYPS_GCST90018883__J10_ASTHMA_EXMORE
P15	unified_locus_007223	3	chr3:70.9-72.1Mb	3p13	71528194	486681228.5	B	3	2	FOXP1	FOXP1	No Gene-A gene assigned	0	Not available	NASAL_POLYPS_GCST90018883__J10_ASTHMA_EXMORE
P15	unified_locus_007243	3	chr3:187.2-189.3Mb	3q28	188220829	603373863.5	B	3	5	LPP	LPP	No Gene-A gene assigned	0	Not available	NASAL_POLYPS_GCST90018883__J10_ASTHMA_EXMORE
P15	unified_locus_007281	5	chr5:34-37.2Mb	5p13.2	35570615	770677344.5	B	3	13	IL7R	UGT3A1, IL7R	No Gene-A gene assigned	0	Not available	NASAL_POLYPS_GCST90018883__J10_ASTHMA_EXMORE
P15	unified_locus_007294	5	chr5:109-112.9Mb	5q22.1	110938351.5	846045081	A	6	5	NREP	NREP, WDR36	WDR36, TSLP, CAMK4, NREP	4	53.1578755907066	NASAL_POLYPS_GCST90018883__J10_ASTHMA_EXMORE
P15	unified_locus_007299	5	chr5:128.3-134.6Mb	5q31.1	131448276	866555005.5	B	3	5	CSF2	FSTL4, ZCCHC10	No Gene-A gene assigned	0	Not available	NASAL_POLYPS_GCST90018883__J10_ASTHMA_EXMORE
P15	unified_locus_007333	6	chr6:88.9-91.1Mb	6q15	90005650	967491606	B	4	6	RRAGD	ANKRD6, RRAGD	No Gene-A gene assigned	0	24.3700300547545	NASAL_POLYPS_GCST90018883__J10_ASTHMA_EXMORE
P15	unified_locus_007413	9	chr9:3.6-7.7Mb	9p24.1	5624693.5	1213555680.5	A	6	6	IL33	TPD52L3, IL33	IL33, GLDC, UHRF2	3	56.2505543158307	NASAL_POLYPS_GCST90018883__J10_ASTHMA_EXMORE
P28	unified_locus_007462	1	chr1:149.7-152.6Mb	1q21.3	151130639.5	151130639.5	A	5	2	PRUNE	ENSA, PRUNE	ARNT, CTSK, CTSS, ANXA9, FAM63A, CERS2, ENSA, SETDB1, HORMAD1, GOLPH3L	10	Not available	NASAL_POLYPS_GCST90018883__J10_CHRONTONSADEN
P28	unified_locus_007701	2	chr2:71.2-72.6Mb	2p13.2	71933090.5	245097761	A	4	2	MAP4K4	MAP4K4	No Gene-A gene assigned	0	Not available	NASAL_POLYPS_GCST90018883__J10_CHRONTONSADEN
P25	unified_locus_008286	5	chr5:129.2-133.5Mb	5q31.1	131341689	866448418.5	A	5	5	KIF3A	HSPA4, AFF4	SLC22A5, IL13, P4HA2, CCNI2, ACSL6, PDLIM4, GDF9, CDC42SE2, SHROOM1, RAPGEF6, SOWAHA, KIF3A, AFF4, HSPA4	14	Not available	NASAL_POLYPS_GCST90018883__J10_COPD
P31	unified_locus_008675	1	chr1:205.1-207.5Mb	1q32.1	206301509	206301509	B	2	1	Not assigned	chr1:205.1-207.5Mb	No Gene-A gene assigned	0	Not available	NASAL_POLYPS_GCST90018883__K11_IBD_STRICT
P31	unified_locus_008706	11	chr11:61.3-62.4Mb	11q12.3	61834205	1447498358.5	A	4	6	Not assigned	chr11:61.3-62.4Mb	No Gene-A gene assigned	0	Not available	NASAL_POLYPS_GCST90018883__K11_IBD_STRICT
P31	unified_locus_008814	2	chr2:23.2-25.8Mb	2p23.3	24502493	197667163.5	A	4	1	ITSN2	NCOA1, ITSN2	NCOA1, ITSN2	2	Not available	NASAL_POLYPS_GCST90018883__K11_IBD_STRICT
P31	unified_locus_008934	5	chr5:129.3-133.5Mb	5q31.1	131402470	866509199.5	B	3	5	CCNI2	HSPA4, AFF4	No Gene-A gene assigned	0	Not available	NASAL_POLYPS_GCST90018883__K11_IBD_STRICT
P21	unified_locus_009106	11	chr11:61.3-62.4Mb	11q12.3	61825890.5	1447490044	B	2	6	MUS81	MUS81	No Gene-A gene assigned	0	Not available	NASAL_POLYPS_GCST90018883__L12_ATOPIC
P21	unified_locus_009116	11	chr11:117.8-119.4Mb	11q23.3	118564462	1504228615.5	B	2	4	ACER3	ACER3	No Gene-A gene assigned	0	Not available	NASAL_POLYPS_GCST90018883__L12_ATOPIC
P21	unified_locus_009218	19	chr19:31.6-33.9Mb	19q13.11	32771957.5	2094992812	B	3	8	ADCK4	ADCK4	No Gene-A gene assigned	0	Not available	NASAL_POLYPS_GCST90018883__L12_ATOPIC
P21	unified_locus_009331	5	chr5:35.1-36.6Mb	5p13.2	35861950.5	770968680	B	3	13	IL7R	UGT3A1, IL7R	No Gene-A gene assigned	0	Not available	NASAL_POLYPS_GCST90018883__L12_ATOPIC
P22	unified_locus_009497	11	chr11:61.3-62.4Mb	11q12.3	61826917.5	1447491071	A	4	6	MUS81	MUS81	No Gene-A gene assigned	0	Not available	NASAL_POLYPS_GCST90018883__L12_DERMATITISECZEMA
P22	unified_locus_009622	19	chr19:31.6-33.9Mb	19q13.11	32761657.5	2094982512	B	3	8	ADCK4	ADCK4	No Gene-A gene assigned	0	Not available	NASAL_POLYPS_GCST90018883__L12_DERMATITISECZEMA
P22	unified_locus_009740	5	chr5:35-36.6Mb	5p13.2	35802115.5	770908845	A	5	13	IL7R	UGT3A1, IL7R	SPEF2, IL7R	2	Not available	NASAL_POLYPS_GCST90018883__L12_DERMATITISECZEMA
P22	unified_locus_009781	6	chr6:89.1-91.1Mb	6q15	90084353.5	967570309.5	B	4	6	RRAGD	RRAGD, ANKRD6	No Gene-A gene assigned	0	22.1179538684311	NASAL_POLYPS_GCST90018883__L12_DERMATITISECZEMA
P30	unified_locus_009934	16	chr16:30.1-32.3Mb	16p11.2	31176326.5	1951584315.5	A	4	1	BCKDK	BCL7C, FBXL19	KAT8, RNF40, PRR14, ZNF646, SETD1A, STX4, ZNF668, STX1B, SRCAP, BCL7C, BCKDK, HSD3B7, PRSS53, VKORC1, CTF1, FBXL19, FBRS, ORAI3, PRSS8, ZNF764	20	Not available	NASAL_POLYPS_GCST90018883__L12_PSORIASIS
P30	unified_locus_010039	5	chr5:35.3-36.5Mb	5p13.2	35915264.5	771021994	B	2	13	UGT3A1	UGT3A1	No Gene-A gene assigned	0	Not available	NASAL_POLYPS_GCST90018883__L12_PSORIASIS
P30	unified_locus_010053	6	chr6:0-1.4Mb	6p25.3	690340	878176296	B	3	1	IRF4	IRF4	No Gene-A gene assigned	0	Not available	NASAL_POLYPS_GCST90018883__L12_PSORIASIS
P23	unified_locus_010118	1	chr1:166.9-168.2Mb	1q24.2	167553560	167553560	A	5	1	CD247	CD247	CD247	1	Not available	NASAL_POLYPS_GCST90018883__M13_RHEUMA
P23	unified_locus_010161	13	chr13:39.1-41Mb	13q13.3	40071111.5	1667836645.5	A	5	1	VWA8	VWA8	No Gene-A gene assigned	0	Not available	NASAL_POLYPS_GCST90018883__M13_RHEUMA
P23	unified_locus_010176	14	chr14:75-76Mb	14q24.3	75508670.5	1802644696.5	A	4	1	Not assigned	chr14:75-76Mb	No Gene-A gene assigned	0	Not available	NASAL_POLYPS_GCST90018883__M13_RHEUMA
P23	unified_locus_010227	2	chr2:110.3-112Mb	2q13	111171122.5	284335793	A	4	3	MAP4K4	MAP4K4	No Gene-A gene assigned	0	Not available	NASAL_POLYPS_GCST90018883__M13_RHEUMA
P18	unified_locus_010383	10	chr10:7.6-10.1Mb	10p14	8817328	1331786284.5	B	4	6	RHOBTB1	RHOBTB1	No Gene-A gene assigned	0	20.586461700558	NASAL_POLYPS_GCST90018883__NONALLERG_ASTHMA_EXMORE
P18	unified_locus_010486	5	chr5:109.6-111.8Mb	5q22.1	110686606	845793335.5	A	6	5	NREP	NREP	NREP	1	35.7479904176557	NASAL_POLYPS_GCST90018883__NONALLERG_ASTHMA_EXMORE
P18	unified_locus_010487	5	chr5:129.2-133.2Mb	5q31.1	131207255	866313984.5	A	5	5	KIF3A	HSPA4, AFF4	SLC22A5, RAD50, IL13, P4HA2, CCNI2, ACSL6, PDLIM4, GDF9, CDC42SE2, SHROOM1, RAPGEF6, SOWAHA, HINT1, AFF4, KIF3A, HSPA4	16	Not available	NASAL_POLYPS_GCST90018883__NONALLERG_ASTHMA_EXMORE
P18	unified_locus_010494	6	chr6:44.3-45.8Mb	6p21.1	45047217.5	922533173.5	B	2	1	IRF4	IRF4	No Gene-A gene assigned	0	Not available	NASAL_POLYPS_GCST90018883__NONALLERG_ASTHMA_EXMORE
