P	pair_id	pair_name	exposure	outcome	direction	LCV_gcp	LCV_gcp_se	LCV_gcp_p	LCV_status	MR_IVW_beta	MR_IVW_se	MR_IVW_p	MR_IVW_OR	MR_IVW_OR_lci95	MR_IVW_OR_uci95	MR_status	MR_Egger_beta	MR_Egger_se	MR_Egger_p	MR_Egger_OR	MR_Egger_OR_lci95	MR_Egger_OR_uci95	weighted_median_beta	weighted_median_se	weighted_median_p	weighted_median_OR	weighted_median_OR_lci95	weighted_median_OR_uci95	MR_PRESSO_beta	MR_PRESSO_se	MR_PRESSO_p	MR_PRESSO_OR	MR_PRESSO_OR_lci95	MR_PRESSO_OR_uci95	n_instruments_raw	n_instruments_after_strength_filter	n_instruments_after_clump	n_instruments_after_harmonise	n_palindromic_removed	egger_intercept	egger_p	heterogeneity_q	heterogeneity_p	mr_presso_global_p	n_outlier	sensitivity_status	mr_presso_analysis	interpretation_note
P1	ALLERGIC_RHINITIS_GCST90038664__H7_ALLERGICCONJUNCTIVITIS	Allergic rhinitis – Allergic conjunctivitis	ALLERGIC_RHINITIS_GCST90038664	H7_ALLERGICCONJUNCTIVITIS	ALLERGIC_RHINITIS_GCST90038664_to_H7_ALLERGICCONJUNCTIVITIS	0.540201745429854	0.272927162297131	0.0342279097630448	success	10.6290170071207	0.454668815368837	7.24145625029387e-121	41316.4914151874	16947.3393332536	100726.871002796	eligible	10.5952086612833	1.01994796822004	6.23526200041291e-11	39942.997781779	5410.57496061802	294874.959391186	13.1628512624234	0.454668815368837	2.77265044143747e-184	520659.347034981	213565.826356411	1269333.02148485	10.4099809589215	0.826398872363175	2.51995502031985e-12	33189.2384378836	6569.80328144953	167664.920987353	6312	6312	35	29	5	-0.000550751042490385	0.898590687351717	126.929239069991	1.49187499191552e-14	5e-04	3	eligible	Outlier-corrected	LCV: trait1_to_trait2;moderate_partial_causality; MR: nominal IVW P<0.05 in trait1_to_trait2, trait2_to_trait1. Exploratory directional evidence only; evidence grades unchanged.
P1	ALLERGIC_RHINITIS_GCST90038664__H7_ALLERGICCONJUNCTIVITIS	Allergic rhinitis – Allergic conjunctivitis	H7_ALLERGICCONJUNCTIVITIS	ALLERGIC_RHINITIS_GCST90038664	H7_ALLERGICCONJUNCTIVITIS_to_ALLERGIC_RHINITIS_GCST90038664	0.540201745429854	0.272927162297131	0.0342279097630448	success	0.0407062203531216	0.00178360756121022	2.74745762780273e-115	1.04154607555671	1.03791132203962	1.04519355793882	eligible	0.0414417864441071	0.00516487921354674	1.11341220391725e-07	1.04231248336933	1.03181421144777	1.05291757075448	0.0430844648678241	0.00178360756121022	6.48929487096006e-129	1.04402607465091	1.04038266651389	1.04768224196135	0.0371115382449662	0.00332660826089557	1.16346532694118e-08	1.03780876975161	1.03106411062358	1.0445975487615	2465	2465	26	22	3	-0.000299248107359593	0.374114307951207	170.351953725932	2.20231281749874e-25	5e-04	6	eligible	Outlier-corrected	LCV: trait1_to_trait2;moderate_partial_causality; MR: nominal IVW P<0.05 in trait1_to_trait2, trait2_to_trait1. Exploratory directional evidence only; evidence grades unchanged.
P2	ALLERGIC_RHINITIS_GCST90038664__ALLERG_ASTHMA	Allergic rhinitis – Allergic asthma	ALLERGIC_RHINITIS_GCST90038664	ALLERG_ASTHMA	ALLERGIC_RHINITIS_GCST90038664_to_ALLERG_ASTHMA	0.0960363734204477	0.134200586135213	0.433689280822305	success	17.7735233802663	0.674729261176359	6.38698299927775e-153	52353187.4260225	13950892.3002359	196464582.67174	eligible	18.0051517295141	1.24718972288299	3.23910771320581e-14	65999104.3546242	5726756.50051013	760619344.51457	17.511593266981	0.674729261176359	1.65972366436142e-148	40289170.4299258	10736115.7012259	151192228.092909	17.7735233802663	1.19677728337182	8.37280304831717e-15	52353187.4260221	5014478.09343805	546588534.757163	6312	6312	35	29	5	0.00384636074352674	0.468643906110059	88.0897983741855	3.93052295439769e-08	5e-04	0	eligible	Raw	LCV: undetermined;shared_genetics_only; MR: nominal IVW P<0.05 in trait1_to_trait2, trait2_to_trait1. Exploratory directional evidence only; evidence grades unchanged.
P2	ALLERGIC_RHINITIS_GCST90038664__ALLERG_ASTHMA	Allergic rhinitis – Allergic asthma	ALLERG_ASTHMA	ALLERGIC_RHINITIS_GCST90038664	ALLERG_ASTHMA_to_ALLERGIC_RHINITIS_GCST90038664	0.0960363734204477	0.134200586135213	0.433689280822305	success	0.0262251062290486	0.00099535332626983	5.47738260903059e-153	1.02657201021981	1.02457123085169	1.02857669670338	eligible	0.0259586780931603	0.00292458252622397	2.38806273415791e-09	1.02629853898461	1.02043243806857	1.03219836201558	0.0315048265862872	0.00099535332626983	7.13965497831121e-220	1.03200635665135	1.02999498579222	1.03402165530897	0.0288892618154481	0.00234391466432614	2.37481474590467e-11	1.02931060417606	1.02459272183139	1.03405021067838	7704	7704	34	28	2	-8.9798928464695e-05	0.775317210222791	202.715556637523	7.541322403878e-29	5e-04	5	eligible	Outlier-corrected	LCV: undetermined;shared_genetics_only; MR: nominal IVW P<0.05 in trait1_to_trait2, trait2_to_trait1. Exploratory directional evidence only; evidence grades unchanged.
P3	ALLERGIC_RHINITIS_GCST90038664__L12_ATOPIC	Allergic rhinitis – Atopic dermatitis	ALLERGIC_RHINITIS_GCST90038664	L12_ATOPIC	ALLERGIC_RHINITIS_GCST90038664_to_L12_ATOPIC	-0.285327570762942	0.168630945229585	0.0900841655696374	success	8.80942294095993	0.450388503695714	3.41688622085002e-85	6697.05355645716	2770.16308726258	16190.572513323	eligible	8.80982910957613	1.50905158212918	3.24570226008273e-06	6699.77424192398	347.960166312253	129000.326009924	9.75544888636723	0.450388503695714	4.88435495361525e-104	17247.9553735916	7134.4284324272	41698.07958508	9.09407313636457	0.786991937035744	1.45594668162211e-10	8902.37288400303	1903.72722284339	41630.0413288527	6312	6312	35	29	5	6.59667871611179e-06	0.999176967630305	282.849467074032	6.08286708120371e-44	5e-04	7	eligible	Outlier-corrected	LCV: undetermined;shared_genetics_only; MR: nominal IVW P<0.05 in trait1_to_trait2, trait2_to_trait1. Exploratory directional evidence only; evidence grades unchanged.
P3	ALLERGIC_RHINITIS_GCST90038664__L12_ATOPIC	Allergic rhinitis – Atopic dermatitis	L12_ATOPIC	ALLERGIC_RHINITIS_GCST90038664	L12_ATOPIC_to_ALLERGIC_RHINITIS_GCST90038664	-0.285327570762942	0.168630945229585	0.0900841655696374	success	0.0154499365370574	0.000897229061929119	1.89251837411729e-66	1.01556990383936	1.01378552356609	1.01735742482916	eligible	0.0152095538087249	0.00217938608018848	3.18120881064118e-09	1.01532580771448	1.01099799524279	1.01967214639579	0.0124039357087735	0.000897229061929119	1.80828232727043e-43	1.01248118358144	1.01070223026252	1.01426326806483	0.0123759419603371	0.0015794787368207	2.05067085555092e-10	1.0124528408346	1.00932335786784	1.01559202699862	9851	9851	73	60	9	0.000165348114813986	0.371702918402456	341.780992947985	1.90910473574196e-41	5e-04	6	eligible	Outlier-corrected	LCV: undetermined;shared_genetics_only; MR: nominal IVW P<0.05 in trait1_to_trait2, trait2_to_trait1. Exploratory directional evidence only; evidence grades unchanged.
P4	ALLERGIC_RHINITIS_GCST90038664__ASTHMA_EOSINOPHIL_SUGG	Allergic rhinitis – Eosinophilic asthma	ALLERGIC_RHINITIS_GCST90038664	ASTHMA_EOSINOPHIL_SUGG	ALLERGIC_RHINITIS_GCST90038664_to_ASTHMA_EOSINOPHIL_SUGG	-0.348615515283566	0.162379290209716	0.0260754292460428	success	21.5367319444851	1.26679080256236	8.0707545883568e-65	2255712996.18251	188351785.446025	27014562718.8906	eligible	23.1666854748527	4.81846563180571	5.10410517633177e-05	11512341546.781	911177.352768516	145453579906315	23.2143172069454	1.26679080256236	5.19971696704454e-75	12073963652.7841	1008174628.27097	144598558821.865	19.6322462442644	2.9041555691477	1.85685766789376e-06	335873864.530961	1132684.83046905	99596330629.9837	6312	6312	35	29	5	0.0265976462055699	0.198820545144794	388.323530913912	4.55398695286725e-65	5e-04	9	eligible	Outlier-corrected	LCV: trait2_to_trait1;moderate_partial_causality; MR: nominal IVW P<0.05 in trait1_to_trait2, trait2_to_trait1. Exploratory directional evidence only; evidence grades unchanged.
P4	ALLERGIC_RHINITIS_GCST90038664__ASTHMA_EOSINOPHIL_SUGG	Allergic rhinitis – Eosinophilic asthma	ASTHMA_EOSINOPHIL_SUGG	ALLERGIC_RHINITIS_GCST90038664	ASTHMA_EOSINOPHIL_SUGG_to_ALLERGIC_RHINITIS_GCST90038664	-0.348615515283566	0.162379290209716	0.0260754292460428	success	0.00906340054034547	0.000541089306708493	5.63548808859563e-63	1.00910459752255	1.00803497402354	1.01017535599648	eligible	0.00906126566695448	0.00190650379262156	0.000138414854228423	1.00910244321429	1.00533871867294	1.0128802581534	0.0113171487982836	0.000541089306708493	3.87020348027262e-97	1.01138142999115	1.0103093931115	1.01245460440658	0.00882346969134868	0.0016501052338883	0.000234807857375946	1.00886251124288	1.0056049125078	1.01213066277994	4903	4903	22	21	1	-7.48254054767777e-06	0.985891652187484	234.962599801163	1.20993951848417e-38	5e-04	9	eligible	Outlier-corrected	LCV: trait2_to_trait1;moderate_partial_causality; MR: nominal IVW P<0.05 in trait1_to_trait2, trait2_to_trait1. Exploratory directional evidence only; evidence grades unchanged.
P5	ALLERGIC_RHINITIS_GCST90038664__J10_ASTHMA_EXMORE	Allergic rhinitis – Asthma	ALLERGIC_RHINITIS_GCST90038664	J10_ASTHMA_EXMORE	ALLERGIC_RHINITIS_GCST90038664_to_J10_ASTHMA_EXMORE	0.170722398496229	0.0730544225599176	0.0146158637543837	success	10.4625854882177	0.348718211424794	8.97327831733608e-198	34981.879863298	17660.7120596774	69291.1992809294	eligible	10.7594273649497	1.2338260593773	2.45805307237472e-09	47071.7054030938	4192.8177820472	528462.138050222	10.0623272555456	0.348718211424794	4.36250408137942e-183	23443.000789937	11835.2726721312	46435.2872351717	10.4279086808849	0.917806557524774	3.54882207160897e-10	33789.61145699	5591.52774323601	204190.678262394	6312	6312	35	29	5	0.00478533732915418	0.363699355133944	325.048884185749	2.51276473603881e-52	5e-04	8	eligible	Outlier-corrected	LCV: trait1_to_trait2;weak_partial_causality; MR: nominal IVW P<0.05 in trait1_to_trait2, trait2_to_trait1. Exploratory directional evidence only; evidence grades unchanged.
P5	ALLERGIC_RHINITIS_GCST90038664__J10_ASTHMA_EXMORE	Allergic rhinitis – Asthma	J10_ASTHMA_EXMORE	ALLERGIC_RHINITIS_GCST90038664	J10_ASTHMA_EXMORE_to_ALLERGIC_RHINITIS_GCST90038664	0.170722398496229	0.0730544225599176	0.0146158637543837	success	0.0250228475201301	0.00123087178023338	7.07048040370504e-92	1.0253385466999	1.02286788998526	1.02781517109097	eligible	0.0247547718081427	0.00321557345336059	1.60393460543448e-10	1.02506371517844	1.01862354253335	1.03154460534277	0.0236369279457819	0.00123087178023338	3.46614999582668e-82	1.02391849420427	1.02145125924944	1.02639168857054	0.0207888030103327	0.00267283323459941	5.47652567612696e-10	1.02100639538822	1.01567158101733	1.0263692308684	15183	15183	75	62	6	-0.000288166377796422	0.132994008368064	424.04681757441	8.49418406311859e-56	5e-04	14	eligible	Outlier-corrected	LCV: trait1_to_trait2;weak_partial_causality; MR: nominal IVW P<0.05 in trait1_to_trait2, trait2_to_trait1. Exploratory directional evidence only; evidence grades unchanged.
P6	ALLERGIC_RHINITIS_GCST90038664__L12_DERMATITISECZEMA	Allergic rhinitis – Dermatitis and eczema	ALLERGIC_RHINITIS_GCST90038664	L12_DERMATITISECZEMA	ALLERGIC_RHINITIS_GCST90038664_to_L12_DERMATITISECZEMA	-0.0907939938228531	0.0931113138832982	0.371934137169954	success	4.87833988853414	0.314063267327344	2.07493599708313e-54	131.412323596209	71.0068168619472	243.20480139998	eligible	4.78531670204011	0.976534426385587	3.98141780961189e-05	119.73927875342	17.6601241705199	811.856968725216	4.83201837161825	0.314063267327344	2.04808846155956e-53	125.46393811943	67.7926897038905	232.196123758942	4.45296394953251	0.564496328565677	7.44805952519292e-08	85.881114430934	28.4046011833827	259.660953106923	6312	6312	35	29	5	-0.00148473313628349	0.720108269813591	244.150965006884	2.31002960759592e-36	5e-04	6	eligible	Outlier-corrected	LCV: undetermined;shared_genetics_only; MR: nominal IVW P<0.05 in trait1_to_trait2, trait2_to_trait1. Exploratory directional evidence only; evidence grades unchanged.
P6	ALLERGIC_RHINITIS_GCST90038664__L12_DERMATITISECZEMA	Allergic rhinitis – Dermatitis and eczema	L12_DERMATITISECZEMA	ALLERGIC_RHINITIS_GCST90038664	L12_DERMATITISECZEMA_to_ALLERGIC_RHINITIS_GCST90038664	-0.0907939938228531	0.0931113138832982	0.371934137169954	success	0.0196234189268733	0.00142986018805069	7.29159313940526e-43	1.01981722384131	1.01696316074927	1.02267929673787	eligible	0.0199103399243765	0.00339666752532749	3.58716919699927e-07	1.020109872798	1.01334108011865	1.02692387883663	0.0148953894476077	0.00142986018805069	2.06576543547943e-25	1.01500687863147	1.01216627778385	1.01785545150242	0.0162205996260678	0.00243221189534287	2.59875523477993e-08	1.01635286774049	1.01151930636666	1.02120952636556	8978	8978	65	52	10	-7.19952682603464e-05	0.698276944103012	269.72890386064	1.61551556586761e-31	5e-04	4	eligible	Outlier-corrected	LCV: undetermined;shared_genetics_only; MR: nominal IVW P<0.05 in trait1_to_trait2, trait2_to_trait1. Exploratory directional evidence only; evidence grades unchanged.
P7	ALLERGIC_RHINITIS_GCST90038664__J10_BRONCHITIS	Allergic rhinitis – Bronchitis	ALLERGIC_RHINITIS_GCST90038664	J10_BRONCHITIS	ALLERGIC_RHINITIS_GCST90038664_to_J10_BRONCHITIS	0.566458961655158	0.257978227613385	0.03504641232455	success	2.23491055683413	0.535471298981105	2.99657935269701e-05	9.34564591065526	3.27195220326977	26.693879391045	eligible	2.33759654348858	0.698769746410216	0.00242559256629198	10.3563156722533	2.63269448443368	40.7389748174406	1.89226700266403	0.535471298981105	0.000409577303598165	6.63439182980232	2.32273008975521	18.9497501864224	2.23491055683413	0.665217477888692	0.00226601334386494	9.34564591065521	2.5372588368144	34.423408530525	6312	6312	35	29	5	0.00162179779479129	0.58497630121503	43.2128528139638	0.033190880043556	0.036	0	eligible	Raw	LCV: trait1_to_trait2;moderate_partial_causality; MR: nominal IVW P<0.05 in trait1_to_trait2. Exploratory directional evidence only; evidence grades unchanged.
P7	ALLERGIC_RHINITIS_GCST90038664__J10_BRONCHITIS	Allergic rhinitis – Bronchitis	J10_BRONCHITIS	ALLERGIC_RHINITIS_GCST90038664	J10_BRONCHITIS_to_ALLERGIC_RHINITIS_GCST90038664	0.566458961655158	0.257978227613385	0.03504641232455	success	Not estimable: insufficient instruments	Not estimable: insufficient instruments	Not estimable: insufficient instruments	Not estimable: insufficient instruments	Not estimable: insufficient instruments	Not estimable: insufficient instruments	insufficient_instruments	Not estimable: insufficient instruments	Not estimable: insufficient instruments	Not estimable: insufficient instruments	Not estimable: insufficient instruments	Not estimable: insufficient instruments	Not estimable: insufficient instruments	Not estimable: insufficient instruments	Not estimable: insufficient instruments	Not estimable: insufficient instruments	Not estimable: insufficient instruments	Not estimable: insufficient instruments	Not estimable: insufficient instruments	Not estimable: insufficient instruments	Not estimable: insufficient instruments	Not estimable: insufficient instruments	Not estimable: insufficient instruments	Not estimable: insufficient instruments	Not estimable: insufficient instruments	3	3	2	2	0	Not estimable: insufficient instruments	Not estimable: insufficient instruments	Not estimable: insufficient instruments	Not estimable: insufficient instruments	Not estimable: insufficient instruments	Not estimable: insufficient instruments	insufficient_instruments	Not estimable: insufficient instruments	LCV: trait1_to_trait2;moderate_partial_causality; MR: nominal IVW P<0.05 in trait1_to_trait2. Exploratory directional evidence only; evidence grades unchanged.
P8	ALLERGIC_RHINITIS_GCST90038664__J10_CHRONTONSADEN	Allergic rhinitis – Chronic tonsil and adenoid disease	ALLERGIC_RHINITIS_GCST90038664	J10_CHRONTONSADEN	ALLERGIC_RHINITIS_GCST90038664_to_J10_CHRONTONSADEN	0.223531422532094	0.115764091023539	0.0648827187024695	success	1.83654507748402	0.342824049959116	8.45650998276561e-08	6.27482174525714	3.20467262338	12.2862434207786	eligible	1.77663575428195	0.623650821380039	0.00829596451284962	5.90994044442595	1.74068748998314	20.0652881448582	2.10915015150848	0.342824049959116	7.63760284605998e-10	8.24123450698465	4.20895758948862	16.1365242474126	2.17166917060132	0.406248446957528	1.73644211292609e-05	8.77291531863205	3.95674696649274	19.4513431967347	6312	6312	35	29	5	-0.000943615944493057	0.721497080120612	83.3958613802303	2.06097459332284e-07	5e-04	4	eligible	Outlier-corrected	LCV: undetermined;shared_genetics_only; MR: nominal IVW P<0.05 in trait1_to_trait2. Exploratory directional evidence only; evidence grades unchanged.
P8	ALLERGIC_RHINITIS_GCST90038664__J10_CHRONTONSADEN	Allergic rhinitis – Chronic tonsil and adenoid disease	J10_CHRONTONSADEN	ALLERGIC_RHINITIS_GCST90038664	J10_CHRONTONSADEN_to_ALLERGIC_RHINITIS_GCST90038664	0.223531422532094	0.115764091023539	0.0648827187024695	success	6.21768818176299e-06	0.00136601778934242	0.996368290140396	1.00000621770751	0.997332387240393	1.00268721666676	eligible	0.000243269396139381	0.00248286599493375	0.92227534067904	1.00024329898854	0.995387522344781	1.00512276345868	0.00311780381164813	0.00136601778934242	0.0224655276791087	1.0031226692171	1.00044050593879	1.00581202332765	0.00298845299113002	0.00191202716528797	0.123692216937416	1.00299292286833	0.99924116780605	1.00675876428584	6275	6275	78	62	9	-0.000128183495345	0.330018137033215	199.501410960235	1.29814985749974e-16	5e-04	5	eligible	Outlier-corrected	LCV: undetermined;shared_genetics_only; MR: nominal IVW P<0.05 in trait1_to_trait2. Exploratory directional evidence only; evidence grades unchanged.
P9	ALLERGIC_RHINITIS_GCST90038664__K11_CD_STRICT2	Allergic rhinitis – Cd	ALLERGIC_RHINITIS_GCST90038664	K11_CD_STRICT2	ALLERGIC_RHINITIS_GCST90038664_to_K11_CD_STRICT2	-0.331500671388289	0.197250831555117	0.166498993072965	success	2.05783969398368	1.51157148243967	0.173390183436048	7.82903840962157	0.404606450447779	151.490027782542	eligible	2.43607868421932	2.82705062263569	0.396439539523191	11.4281394207453	0.0448271840771158	2913.4636339262	-0.19041348305935	1.51157148243967	0.899755240694795	0.826617271032834	0.0427197648564852	15.9948472344187	-0.267409493399787	2.09528237100313	0.899467141313172	0.765359597583338	0.0125986836769437	46.4949615875294	6312	6312	35	29	5	0.00600808691718445	0.617124428873092	88.6669540600526	3.19818623682098e-08	5e-04	3	eligible	Outlier-corrected	LCV: undetermined;shared_genetics_only; MR: nominal IVW P<0.05 in trait2_to_trait1. Exploratory directional evidence only; evidence grades unchanged.
P9	ALLERGIC_RHINITIS_GCST90038664__K11_CD_STRICT2	Allergic rhinitis – Cd	K11_CD_STRICT2	ALLERGIC_RHINITIS_GCST90038664	K11_CD_STRICT2_to_ALLERGIC_RHINITIS_GCST90038664	-0.331500671388289	0.197250831555117	0.166498993072965	success	0.00323185659663276	0.000820381915698772	8.16673506764534e-05	1.00323708467578	1.00162522729455	1.00485153592561	eligible	0.00343069654051928	0.00352317334204492	0.358699166770341	1.00343658811537	0.996531306654745	1.01038971846116	0.00405708335445498	0.000820381915698772	7.6003540680175e-07	1.00406532445831	1.00245213638024	1.00568110854637	0.00349593401473158	0.0013140341363141	0.0375010381060899	1.00350205191924	1.00092085083058	1.00608990947734	3199	3199	12	10	1	-0.000165489156786867	0.836890475712938	137.931791677508	2.75640923715831e-25	5e-04	3	eligible	Outlier-corrected	LCV: undetermined;shared_genetics_only; MR: nominal IVW P<0.05 in trait2_to_trait1. Exploratory directional evidence only; evidence grades unchanged.
P10	ALLERGIC_RHINITIS_GCST90038664__K11_COELIAC	Allergic rhinitis – Coeliac	ALLERGIC_RHINITIS_GCST90038664	K11_COELIAC	ALLERGIC_RHINITIS_GCST90038664_to_K11_COELIAC	-0.370088471364327	0.110047615327264	3.95638444394509e-10	success	12.9907879256198	1.07096488711118	7.32629316208733e-34	438356.561536278	53728.3861447733	3576442.3395137	eligible	11.3255350708798	5.09650832614177	0.034838076748322	82911.998965091	3.80523881054306	1806561930.70999	6.82977251662183	1.07096488711118	1.80338122581564e-10	924.98037088447	113.372781210447	7546.68516893303	9.59843280135747	2.0750211864133	0.000130878379516123	14741.6603424576	252.494956936539	860676.792475523	6312	6312	35	29	5	-0.0271134873228282	0.215878934505887	604.751258599301	1.41833402467127e-109	5e-04	6	eligible	Outlier-corrected	LCV: trait2_to_trait1;moderate_partial_causality; MR: nominal IVW P<0.05 in trait1_to_trait2. Exploratory directional evidence only; evidence grades unchanged.
P10	ALLERGIC_RHINITIS_GCST90038664__K11_COELIAC	Allergic rhinitis – Coeliac	K11_COELIAC	ALLERGIC_RHINITIS_GCST90038664	K11_COELIAC_to_ALLERGIC_RHINITIS_GCST90038664	-0.370088471364327	0.110047615327264	3.95638444394509e-10	success	0.000311944471569915	0.000319815580760794	0.329367536335202	1.00031199313131	0.999685155507212	1.00093922380456	eligible	0.000392080551259859	0.000784523990571889	0.622976307004966	1.00039215742489	0.998855069463419	1.00193161073391	4.06307580416157e-05	0.000319815580760794	0.898905307918163	1.00004063158348	0.999413964005962	1.00066769210353	7.59338481400083e-05	0.000632672074388321	0.90605943345452	1.00007593673119	0.998836573887879	1.00131683738388	39425	39425	28	21	2	-0.000119362685066032	0.732806702239306	105.052945545841	1.55365606478186e-13	5e-04	5	eligible	Outlier-corrected	LCV: trait2_to_trait1;moderate_partial_causality; MR: nominal IVW P<0.05 in trait1_to_trait2. Exploratory directional evidence only; evidence grades unchanged.
P11	ALLERGIC_RHINITIS_GCST90038664__K11_IBD_STRICT	Allergic rhinitis – Ibd	ALLERGIC_RHINITIS_GCST90038664	K11_IBD_STRICT	ALLERGIC_RHINITIS_GCST90038664_to_K11_IBD_STRICT	-0.132807012463422	0.284529933424736	0.845795317901681	success	3.49640270728229	0.729168184015415	1.62628913189217e-06	32.9965399933228	7.90292596811886	137.768170412219	eligible	3.92159875798173	2.10365975959111	0.0732040917495641	50.4810873382282	0.817442781412023	3117.45389010337	1.48540755180709	0.729168184015415	0.0416374052363696	4.41676510662014	1.0578493279372	18.441013754858	2.50929325703668	1.12497218442053	0.0373255062403507	12.29623671012	1.35574046752941	111.523880014316	6312	6312	35	29	5	0.00678987878334495	0.448979178978686	213.748618173062	1.66667706430427e-30	5e-04	8	eligible	Outlier-corrected	LCV: undetermined;shared_genetics_only; MR: nominal IVW P<0.05 in trait1_to_trait2. Exploratory directional evidence only; evidence grades unchanged.
P11	ALLERGIC_RHINITIS_GCST90038664__K11_IBD_STRICT	Allergic rhinitis – Ibd	K11_IBD_STRICT	ALLERGIC_RHINITIS_GCST90038664	K11_IBD_STRICT_to_ALLERGIC_RHINITIS_GCST90038664	-0.132807012463422	0.284529933424736	0.845795317901681	success	0.00117201990480342	0.000614449865861572	0.0564649703390649	1.00117270698853	0.999967698689413	1.00237916737955	eligible	0.00114374901131469	0.00148379894414401	0.444170457627218	1.00114440334165	0.998237058890273	1.00406021537264	0.0016515543680944	0.000614449865861572	0.00719118369718222	1.00165291893513	1.00044733265443	1.00285995800422	0.00176873378153204	0.000976681762704765	0.0761565352458707	1.00177029891376	0.999854448120334	1.00368982072577	9626	9626	73	56	12	7.39939720945131e-05	0.683956881662823	315.191010476538	3.56501611029047e-38	5e-04	5	eligible	Outlier-corrected	LCV: undetermined;shared_genetics_only; MR: nominal IVW P<0.05 in trait1_to_trait2. Exploratory directional evidence only; evidence grades unchanged.
P12	ALLERGIC_RHINITIS_GCST90038664__RHEUMA_SEROPOS_WIDE	Allergic rhinitis – Rheuma Seropos	ALLERGIC_RHINITIS_GCST90038664	RHEUMA_SEROPOS_WIDE	ALLERGIC_RHINITIS_GCST90038664_to_RHEUMA_SEROPOS_WIDE	-0.0242577021108298	0.599037341601164	0.372433407678145	success	4.80539733907626	0.708031774652717	1.1450524834671e-11	122.168023508226	30.497815581107	489.380163251836	eligible	4.58175458174826	2.73278955574057	0.105166294618932	97.685641372965	0.460928222578737	20702.7560106009	2.87758652800749	0.708031774652717	4.81963799338442e-05	17.7713307712206	4.43640449380803	71.1883232966989	2.83164760277082	1.28554512452165	0.038924607788135	16.9734032254159	1.36612622089783	210.885650714777	6312	6312	35	29	5	-0.00358843056666065	0.756819484911809	376.056578528441	1.38645461156843e-62	5e-04	7	eligible	Outlier-corrected	LCV: undetermined;shared_genetics_only; MR: nominal IVW P<0.05 in trait1_to_trait2. Exploratory directional evidence only; evidence grades unchanged.
P12	ALLERGIC_RHINITIS_GCST90038664__RHEUMA_SEROPOS_WIDE	Allergic rhinitis – Rheuma Seropos	RHEUMA_SEROPOS_WIDE	ALLERGIC_RHINITIS_GCST90038664	RHEUMA_SEROPOS_WIDE_to_ALLERGIC_RHINITIS_GCST90038664	-0.0242577021108298	0.599037341601164	0.372433407678145	success	-0.000833024924206368	0.000516364711033521	0.106690392094063	0.999167321944732	0.998156601392301	1.00017906593981	eligible	-0.000675250903424294	0.00129213084337761	0.604861160416054	0.999324977027161	0.996797312224632	1.00185905144705	0.00340229583715661	0.000516364711033521	4.42979257057719e-11	1.00340809021517	1.00239307985907	1.00442412835772	0.000318355325536554	0.00131683226522431	0.810794102590453	1.00031840600597	0.997739921916827	1.00290355373566	22788	22788	40	34	4	-0.000338095653986239	0.18089256511355	210.403528940527	1.01403056079177e-27	5e-04	6	eligible	Outlier-corrected	LCV: undetermined;shared_genetics_only; MR: nominal IVW P<0.05 in trait1_to_trait2. Exploratory directional evidence only; evidence grades unchanged.
P13	ALLERGIC_RHINITIS_GCST90038664__M13_RHEUMA	Allergic rhinitis – Rheuma	ALLERGIC_RHINITIS_GCST90038664	M13_RHEUMA	ALLERGIC_RHINITIS_GCST90038664_to_M13_RHEUMA	-0.0196469289805867	0.592807764308202	0.502927862585683	success	3.92402695168488	0.621526101251116	2.72732159675839e-10	50.6038141385521	14.9668206318424	171.094854970137	eligible	3.58647577509509	2.25868082865242	0.123960523706052	36.106603646118	0.431478045577475	3021.44417362663	2.24087699873948	0.621526101251116	0.000311620755571497	9.40157284052897	2.78065313369725	31.7873419034636	2.06535752179724	1.17052217848799	0.0937229288453043	7.88811756754773	0.795435156000792	78.2243508978037	6312	6312	35	29	5	-0.00537998005666857	0.575147882471702	335.795384369978	1.77430242114861e-54	5e-04	9	eligible	Outlier-corrected	LCV: undetermined;shared_genetics_only; MR: nominal IVW P<0.05 in trait1_to_trait2, trait2_to_trait1. Exploratory directional evidence only; evidence grades unchanged.
P13	ALLERGIC_RHINITIS_GCST90038664__M13_RHEUMA	Allergic rhinitis – Rheuma	M13_RHEUMA	ALLERGIC_RHINITIS_GCST90038664	M13_RHEUMA_to_ALLERGIC_RHINITIS_GCST90038664	-0.0196469289805867	0.592807764308202	0.502927862585683	success	0.00248402514876417	0.000830159612606605	0.00276951184496931	1.00248711289538	1.0008572795623	1.00411960030987	eligible	0.00266183826898335	0.00182017001461355	0.158433923450841	1.00266538410592	0.999094715058228	1.00624881438361	0.00340706598719054	0.000830159612606605	4.05875129715385e-05	1.00341287663372	1.00178153820339	1.00504687159642	0.00396834741329503	0.00150012989988685	0.0170046237902662	1.00397623172968	1.00102862147809	1.00693252145956	22372	22372	32	23	6	9.53606960213487e-05	0.723901967482546	94.0071025490642	7.06451093544402e-11	5e-04	5	eligible	Outlier-corrected	LCV: undetermined;shared_genetics_only; MR: nominal IVW P<0.05 in trait1_to_trait2, trait2_to_trait1. Exploratory directional evidence only; evidence grades unchanged.
P14	NASAL_POLYPS_GCST90018883__ASTHMA_EOSINOPHIL_SUGG	Nasal polyps – Eosinophilic asthma	ASTHMA_EOSINOPHIL_SUGG	NASAL_POLYPS_GCST90018883	ASTHMA_EOSINOPHIL_SUGG_to_NASAL_POLYPS_GCST90018883	0.214083210372433	0.540859132379627	0.348192126376402	success	0.665103207890473	0.0236486446485543	4.93352112714402e-174	1.94469121845817	1.85660929489736	2.03695195620433	eligible	0.663068978376561	0.0462133478736027	1.19958792036242e-11	1.94073929111254	1.77267697012942	2.1247351094052	0.667538593797071	0.0236486446485543	2.70035811114125e-175	1.94943306381226	1.86113636535246	2.04191876588515	0.630580799827999	0.0408874968243929	3.37387365639798e-12	1.87870141191287	1.73401808171539	2.03545685730786	4903	4903	22	21	1	-0.00665034558894984	0.515535817667836	73.905496586009	4.14320396470223e-08	5e-04	1	eligible	Outlier-corrected	LCV: undetermined;shared_genetics_only; MR: nominal IVW P<0.05 in trait1_to_trait2, trait2_to_trait1. Exploratory directional evidence only; evidence grades unchanged.
P14	NASAL_POLYPS_GCST90018883__ASTHMA_EOSINOPHIL_SUGG	Nasal polyps – Eosinophilic asthma	NASAL_POLYPS_GCST90018883	ASTHMA_EOSINOPHIL_SUGG	NASAL_POLYPS_GCST90018883_to_ASTHMA_EOSINOPHIL_SUGG	0.214083210372433	0.540859132379627	0.348192126376402	success	0.994384376089172	0.0373032998930049	1.49501776955777e-156	2.70305976073313	2.51247898280855	2.90809679208823	eligible	1.00549740760498	0.0824653406678459	1.6323244779299e-09	2.73326648229207	2.32533784903607	3.21275709089676	0.948187282505536	0.0373032998930049	1.58207473682864e-142	2.5810267438645	2.39904997374809	2.77680712175247	0.992799868717673	0.067205732894555	2.40814734399581e-10	2.69878013406204	2.36570631881235	3.07874825970131	4421	4421	22	18	3	0.0106542002985131	0.466282825225831	78.2773911048827	7.74469425188173e-10	5e-04	2	eligible	Outlier-corrected	LCV: undetermined;shared_genetics_only; MR: nominal IVW P<0.05 in trait1_to_trait2, trait2_to_trait1. Exploratory directional evidence only; evidence grades unchanged.
P15	NASAL_POLYPS_GCST90018883__J10_ASTHMA_EXMORE	Nasal polyps – Asthma	J10_ASTHMA_EXMORE	NASAL_POLYPS_GCST90018883	J10_ASTHMA_EXMORE_to_NASAL_POLYPS_GCST90018883	0.734492165916273	0.15743015713921	1.57323969892469e-07	success	1.05997738452456	0.0515154447672584	4.51141203228209e-94	2.88630571335386	2.60910464028597	3.19295766919722	eligible	1.06010018586706	0.131248617064699	1.92743611381364e-11	2.88666017733421	2.23189923171821	3.73350501715627	0.924985202003693	0.0515154447672584	4.34705601995495e-72	2.52183094203706	2.27963406039898	2.78975972972718	0.802988379225674	0.0923634992334911	3.24365735139249e-12	2.23220163617239	1.86256751583634	2.6751911553087	15183	15183	75	68	7	0.000134174146800064	0.98646579437157	427.117319166349	7.16886563866478e-54	5e-04	7	eligible	Outlier-corrected	LCV: trait1_to_trait2;strong_partial_causality; MR: nominal IVW P<0.05 in trait1_to_trait2, trait2_to_trait1. Exploratory directional evidence only; evidence grades unchanged.
P15	NASAL_POLYPS_GCST90018883__J10_ASTHMA_EXMORE	Nasal polyps – Asthma	NASAL_POLYPS_GCST90018883	J10_ASTHMA_EXMORE	NASAL_POLYPS_GCST90018883_to_J10_ASTHMA_EXMORE	0.734492165916273	0.15743015713921	1.57323969892469e-07	success	0.275509006696394	0.0102057746127493	1.67343162756602e-160	1.31720096837461	1.29111435744347	1.34381465211378	eligible	0.281062848776772	0.0364815723455869	9.0089053464007e-07	1.32453684683999	1.23313408715934	1.42271459114253	0.285573236317621	0.0102057746127493	2.72613542101842e-172	1.33052451453136	1.30417403637483	1.35740739686073	0.278429579797266	0.0262588763244535	9.26852492571231e-07	1.3210535732599	1.25478241393429	1.39082483468258	4421	4421	22	18	3	0.00545859577401342	0.401993195299598	207.22656481037	1.00468997835048e-34	5e-04	7	eligible	Outlier-corrected	LCV: trait1_to_trait2;strong_partial_causality; MR: nominal IVW P<0.05 in trait1_to_trait2, trait2_to_trait1. Exploratory directional evidence only; evidence grades unchanged.
P16	NASAL_POLYPS_GCST90018883__ALLERG_ASTHMA	Nasal polyps – Allergic asthma	ALLERG_ASTHMA	NASAL_POLYPS_GCST90018883	ALLERG_ASTHMA_to_NASAL_POLYPS_GCST90018883	0.526845209512061	0.205440633716623	0.00586863697947601	success	0.764828452659636	0.0415068124835593	8.04136167105654e-76	2.14862575200481	1.98074908752543	2.33073065702926	eligible	0.741482071232493	0.142630015985651	1.61141036912303e-05	2.09904414326117	1.58712981930095	2.77607178806561	0.602275262101272	0.0415068124835593	1.0430163096153e-47	1.82626931820846	1.68357904220492	1.98105318432898	0.618502733631737	0.0772705301184958	3.12556373352012e-08	1.85614681404727	1.59528514507374	2.15966468811979	7704	7704	34	30	4	-0.00794660286742823	0.61335390660553	299.472019935453	1.03427873069436e-46	5e-04	5	eligible	Outlier-corrected	LCV: trait1_to_trait2;moderate_partial_causality; MR: nominal IVW P<0.05 in trait1_to_trait2, trait2_to_trait1. Exploratory directional evidence only; evidence grades unchanged.
P16	NASAL_POLYPS_GCST90018883__ALLERG_ASTHMA	Nasal polyps – Allergic asthma	NASAL_POLYPS_GCST90018883	ALLERG_ASTHMA	NASAL_POLYPS_GCST90018883_to_ALLERG_ASTHMA	0.526845209512061	0.205440633716623	0.00586863697947601	success	0.329563591301476	0.0197394846155219	1.40967713748459e-62	1.3903612303106	1.33759630569669	1.44520760300989	eligible	0.339915875326393	0.0549213035903069	1.2986535251427e-05	1.40482940477734	1.26146042886736	1.56449271920409	0.370301659125189	0.0197394846155219	1.62101075344403e-78	1.44817140289796	1.3932125524668	1.50529824645792	0.388303730474069	0.0413916281928117	7.10924796690195e-07	1.47447756005145	1.35958042241262	1.59908456995672	4421	4421	22	18	3	0.0101087345708404	0.304840480086276	128.368500502884	3.86051537658356e-19	5e-04	5	eligible	Outlier-corrected	LCV: trait1_to_trait2;moderate_partial_causality; MR: nominal IVW P<0.05 in trait1_to_trait2, trait2_to_trait1. Exploratory directional evidence only; evidence grades unchanged.
P17	NASAL_POLYPS_GCST90018883__J10_PNEUMOBACT	Nasal polyps – Pneumobact	J10_PNEUMOBACT	NASAL_POLYPS_GCST90018883	J10_PNEUMOBACT_to_NASAL_POLYPS_GCST90018883	0.779065161923505	0.166089560173804	1.72389007060063e-05	success	Not estimable: insufficient instruments	Not estimable: insufficient instruments	Not estimable: insufficient instruments	Not estimable: insufficient instruments	Not estimable: insufficient instruments	Not estimable: insufficient instruments	insufficient_instruments	Not estimable: insufficient instruments	Not estimable: insufficient instruments	Not estimable: insufficient instruments	Not estimable: insufficient instruments	Not estimable: insufficient instruments	Not estimable: insufficient instruments	Not estimable: insufficient instruments	Not estimable: insufficient instruments	Not estimable: insufficient instruments	Not estimable: insufficient instruments	Not estimable: insufficient instruments	Not estimable: insufficient instruments	Not estimable: insufficient instruments	Not estimable: insufficient instruments	Not estimable: insufficient instruments	Not estimable: insufficient instruments	Not estimable: insufficient instruments	Not estimable: insufficient instruments	78	78	3	2	1	Not estimable: insufficient instruments	Not estimable: insufficient instruments	Not estimable: insufficient instruments	Not estimable: insufficient instruments	Not estimable: insufficient instruments	Not estimable: insufficient instruments	insufficient_instruments	Not estimable: insufficient instruments	LCV: trait1_to_trait2;strong_partial_causality; MR: nominal IVW P<0.05 in trait1_to_trait2. Exploratory directional evidence only; evidence grades unchanged.
P17	NASAL_POLYPS_GCST90018883__J10_PNEUMOBACT	Nasal polyps – Pneumobact	NASAL_POLYPS_GCST90018883	J10_PNEUMOBACT	NASAL_POLYPS_GCST90018883_to_J10_PNEUMOBACT	0.779065161923505	0.166089560173804	1.72389007060063e-05	success	0.0550198284329974	0.0155860384438563	0.000415447545732676	1.05656156442798	1.02477307012926	1.08933613886408	eligible	0.0503662405816868	0.0137345056599805	0.00208199500937664	1.05165618502711	1.02372364215824	1.08035087396645	0.0539652205091431	0.0155860384438563	0.000535365380140601	1.05544789357637	1.02369290600429	1.08818792190607	0.0550198284329974	0.0145509797096814	0.00149053145133473	1.05656156442798	1.02685415299854	1.0871284263366	4421	4421	22	18	3	-0.0045878753686546	0.0726221953063401	14.817055424056	0.608657086535802	0.6665	0	eligible	Raw	LCV: trait1_to_trait2;strong_partial_causality; MR: nominal IVW P<0.05 in trait1_to_trait2. Exploratory directional evidence only; evidence grades unchanged.
P18	NASAL_POLYPS_GCST90018883__NONALLERG_ASTHMA_EXMORE	Nasal polyps – Non-allergic asthma	NASAL_POLYPS_GCST90018883	NONALLERG_ASTHMA_EXMORE	NASAL_POLYPS_GCST90018883_to_NONALLERG_ASTHMA_EXMORE	0.803340716382708	0.133064017939351	2.88020982095941e-11	success	0.246165074347954	0.0228211004054975	3.97684122599162e-27	1.27911070448061	1.22315760697175	1.3376233651259	eligible	0.250045349395564	0.0412839781942233	1.6643017224518e-05	1.28408364778464	1.18427260673489	1.39230680937048	0.219625938566553	0.0228211004054975	6.34368048548228e-22	1.24561070850523	1.19112302640943	1.30259091860557	0.247371966617697	0.0336480560087137	2.3990436885254e-06	1.28065538524613	1.19892074967271	1.36796215780538	4421	4421	22	18	3	0.0037928315700133	0.604518864444315	51.5887045905409	2.38589428404754e-05	5e-04	2	eligible	Outlier-corrected	LCV: trait1_to_trait2;strong_partial_causality; MR: nominal IVW P<0.05 in trait1_to_trait2, trait2_to_trait1. Exploratory directional evidence only; evidence grades unchanged.
P18	NASAL_POLYPS_GCST90018883__NONALLERG_ASTHMA_EXMORE	Nasal polyps – Non-allergic asthma	NONALLERG_ASTHMA_EXMORE	NASAL_POLYPS_GCST90018883	NONALLERG_ASTHMA_EXMORE_to_NASAL_POLYPS_GCST90018883	0.803340716382708	0.133064017939351	2.88020982095941e-11	success	1.19246488997631	0.12176556333849	1.20517319600249e-22	3.2951934947431	2.59556543220586	4.18340452260115	eligible	1.01051331710841	0.208585323614162	0.0400641535284951	2.74701074077801	1.82519363508886	4.1343931212988	1.45005134867064	0.12176556333849	1.06818106031612e-32	4.2633334260523	3.35815207340104	5.41250411071668	1.19246488997631	0.28759118417635	0.0254831506526037	3.29519349474311	1.87533285998259	5.79006553956406	1594	1594	5	4	1	0.0500790740110833	0.160291872679052	16.7349118140882	0.000801231722751231	0.0505	0	eligible	Raw	LCV: trait1_to_trait2;strong_partial_causality; MR: nominal IVW P<0.05 in trait1_to_trait2, trait2_to_trait1. Exploratory directional evidence only; evidence grades unchanged.
P19	NASAL_POLYPS_GCST90018883__H8_EUSTSALP	Nasal polyps – Eustsalp	H8_EUSTSALP	NASAL_POLYPS_GCST90018883	H8_EUSTSALP_to_NASAL_POLYPS_GCST90018883	0.591303347942	0.156366539324745	3.05919353179173e-06	success	Not estimable: insufficient instruments	Not estimable: insufficient instruments	Not estimable: insufficient instruments	Not estimable: insufficient instruments	Not estimable: insufficient instruments	Not estimable: insufficient instruments	insufficient_instruments	Not estimable: insufficient instruments	Not estimable: insufficient instruments	Not estimable: insufficient instruments	Not estimable: insufficient instruments	Not estimable: insufficient instruments	Not estimable: insufficient instruments	Not estimable: insufficient instruments	Not estimable: insufficient instruments	Not estimable: insufficient instruments	Not estimable: insufficient instruments	Not estimable: insufficient instruments	Not estimable: insufficient instruments	Not estimable: insufficient instruments	Not estimable: insufficient instruments	Not estimable: insufficient instruments	Not estimable: insufficient instruments	Not estimable: insufficient instruments	Not estimable: insufficient instruments	8	8	1	0	1	Not estimable: insufficient instruments	Not estimable: insufficient instruments	Not estimable: insufficient instruments	Not estimable: insufficient instruments	Not estimable: insufficient instruments	Not estimable: insufficient instruments	insufficient_instruments	Not estimable: insufficient instruments	LCV: trait1_to_trait2;moderate_partial_causality; MR: nominal IVW P<0.05 in trait1_to_trait2. Exploratory directional evidence only; evidence grades unchanged.
P19	NASAL_POLYPS_GCST90018883__H8_EUSTSALP	Nasal polyps – Eustsalp	NASAL_POLYPS_GCST90018883	H8_EUSTSALP	NASAL_POLYPS_GCST90018883_to_H8_EUSTSALP	0.591303347942	0.156366539324745	3.05919353179173e-06	success	0.17306940996425	0.0382724491701618	6.12475109007781e-06	1.18894862710178	1.10302390151823	1.28156682365767	eligible	0.174969330552743	0.0492738479314449	0.00266112362141089	1.19120968230959	1.08154717843413	1.31199131718187	0.254096172097438	0.0382724491701618	3.15517271486868e-11	1.28929579258619	1.19611902729227	1.38973095724718	0.17306940996425	0.047117340734636	0.00188453178644594	1.18894862710178	1.08406668876318	1.30397774651666	4421	4421	22	18	3	0.00186843039710366	0.830331718498877	25.7654631736749	0.0788408619126076	0.1085	0	eligible	Raw	LCV: trait1_to_trait2;moderate_partial_causality; MR: nominal IVW P<0.05 in trait1_to_trait2. Exploratory directional evidence only; evidence grades unchanged.
P20	NASAL_POLYPS_GCST90018883__J10_PNEUMONIA	Nasal polyps – Pneumonia	J10_PNEUMONIA	NASAL_POLYPS_GCST90018883	J10_PNEUMONIA_to_NASAL_POLYPS_GCST90018883	0.715599887865749	0.167893544222755	3.04344085856066e-09	success	0.680716241042334	0.238969590216071	0.0043919289638031	1.97529201089657	1.23656310792053	3.15534120605723	eligible	0.667483218190062	0.579580648662407	0.31361057337027	1.9493251157619	0.625943696770452	6.07062332689908	0.459162849757381	0.238969590216071	0.0546777777187741	1.58274843199454	0.990824804295725	2.52829015595929	0.0727056413912486	0.22541084711619	0.763193520844263	1.0754139329703	0.69135653480315	1.67282012826558	319	319	7	6	1	0.0167056848325951	0.487216758541642	26.9421945937664	5.85401319046359e-05	5e-04	1	eligible	Outlier-corrected	LCV: trait1_to_trait2;strong_partial_causality; MR: nominal IVW P<0.05 in trait1_to_trait2, trait2_to_trait1. Exploratory directional evidence only; evidence grades unchanged.
P20	NASAL_POLYPS_GCST90018883__J10_PNEUMONIA	Nasal polyps – Pneumonia	NASAL_POLYPS_GCST90018883	J10_PNEUMONIA	NASAL_POLYPS_GCST90018883_to_J10_PNEUMONIA	0.715599887865749	0.167893544222755	3.04344085856066e-09	success	0.0541600340138851	0.00879040224161124	7.21642215532638e-10	1.05565352910923	1.03762126230225	1.07399916906883	eligible	0.0524512394584312	0.0101999604200504	9.83323696465154e-05	1.0538511744717	1.03299186711727	1.07513169589099	0.0485669092059475	0.00879040224161124	3.29499099513511e-08	1.04976560845385	1.0318339168387	1.06800892537898	0.0541600340138851	0.0100178079908028	4.72547737598953e-05	1.05565352910923	1.03512804118121	1.07658601562865	4421	4421	22	18	3	-0.00169582093053479	0.352675169936137	22.0788694326899	0.181704907010312	0.227	0	eligible	Raw	LCV: trait1_to_trait2;strong_partial_causality; MR: nominal IVW P<0.05 in trait1_to_trait2, trait2_to_trait1. Exploratory directional evidence only; evidence grades unchanged.
P21	NASAL_POLYPS_GCST90018883__L12_ATOPIC	Nasal polyps – Atopic dermatitis	L12_ATOPIC	NASAL_POLYPS_GCST90018883	L12_ATOPIC_to_NASAL_POLYPS_GCST90018883	-0.121253467285619	0.173794952213248	0.564224671348	success	0.269757792115419	0.038920221169825	4.17744056223285e-12	1.30964720543597	1.21345802871941	1.41346116809355	eligible	0.275854812627438	0.0821180141093004	0.0013516596855082	1.31765654304752	1.1217651875874	1.54775596947348	0.205621528080498	0.038920221169825	1.26978457816545e-07	1.22828824340442	1.13807460845502	1.32565299118097	0.254821856946811	0.0544220686987818	1.75199792134822e-05	1.29023175457487	1.15969217357836	1.43546539197272	9851	9851	73	63	10	-0.00458344525863887	0.508799761354351	270.106801987189	8.84103271539115e-28	5e-04	4	eligible	Outlier-corrected	LCV: undetermined;shared_genetics_only; MR: nominal IVW P<0.05 in trait1_to_trait2, trait2_to_trait1. Exploratory directional evidence only; evidence grades unchanged.
P21	NASAL_POLYPS_GCST90018883__L12_ATOPIC	Nasal polyps – Atopic dermatitis	NASAL_POLYPS_GCST90018883	L12_ATOPIC	NASAL_POLYPS_GCST90018883_to_L12_ATOPIC	-0.121253467285619	0.173794952213248	0.564224671348	success	0.0920467584212706	0.0131906364198681	2.99008523799399e-12	1.09641608756757	1.06843302345589	1.12513204916547	eligible	0.094030027238234	0.0429077981161798	0.043562817881171	1.09859273312763	1.00998021639189	1.19497983593428	0.0539053424166368	0.0131906364198681	4.37671147547103e-05	1.05538469726182	1.02844884874514	1.083026015901	0.0545811157544301	0.0252341367433768	0.051435922462673	1.05609813913669	1.00513534867075	1.10964486619934	4421	4421	22	18	3	0.00196568436768935	0.7953653623754	164.813919896027	2.98211945387091e-26	5e-04	5	eligible	Outlier-corrected	LCV: undetermined;shared_genetics_only; MR: nominal IVW P<0.05 in trait1_to_trait2, trait2_to_trait1. Exploratory directional evidence only; evidence grades unchanged.
P22	NASAL_POLYPS_GCST90018883__L12_DERMATITISECZEMA	Nasal polyps – Dermatitis and eczema	L12_DERMATITISECZEMA	NASAL_POLYPS_GCST90018883	L12_DERMATITISECZEMA_to_NASAL_POLYPS_GCST90018883	0.178894231024892	0.142156472728926	0.208998599197572	success	0.50034404503382	0.0621116488668846	7.91164680803085e-16	1.64928860265374	1.46024643599619	1.86280399512691	eligible	0.554538727041	0.101308020660517	1.22699609063969e-06	1.74113765979191	1.4275718678667	2.12357809689532	0.258677422913494	0.0621116488668846	3.11739377657695e-05	1.29521593045208	1.14675772526709	1.4628933989576	0.363633363585957	0.0840275732774815	7.04095104406883e-05	1.43854669385861	1.22010792745828	1.69609306180195	8978	8978	65	55	10	-0.0149256339021674	0.00908711673818893	154.249109754764	1.38393234028009e-11	5e-04	3	eligible	Outlier-corrected	LCV: undetermined;shared_genetics_only; MR: nominal IVW P<0.05 in trait1_to_trait2, trait2_to_trait1. Exploratory directional evidence only; evidence grades unchanged.
P22	NASAL_POLYPS_GCST90018883__L12_DERMATITISECZEMA	Nasal polyps – Dermatitis and eczema	NASAL_POLYPS_GCST90018883	L12_DERMATITISECZEMA	NASAL_POLYPS_GCST90018883_to_L12_DERMATITISECZEMA	0.178894231024892	0.142156472728926	0.208998599197572	success	0.0668928021870877	0.00919592300539581	3.48530169301598e-13	1.0691808581816	1.05008256361934	1.08862650148369	eligible	0.0667501967935057	0.0299327502562491	0.0404193443812165	1.06902839809558	1.00811475386669	1.13362264717527	0.0464446038006454	0.00919592300539581	4.40505952321208e-07	1.04754004772388	1.02882831318046	1.06659210047699	0.0454275464343845	0.018122220425318	0.029155382862191	1.04647518100894	1.00995724108821	1.0843135332024	4421	4421	22	18	3	-0.000141268182690683	0.978664706762643	164.313773341935	3.74420600907029e-26	5e-04	6	eligible	Outlier-corrected	LCV: undetermined;shared_genetics_only; MR: nominal IVW P<0.05 in trait1_to_trait2, trait2_to_trait1. Exploratory directional evidence only; evidence grades unchanged.
P23	NASAL_POLYPS_GCST90018883__M13_RHEUMA	Nasal polyps – Rheuma	M13_RHEUMA	NASAL_POLYPS_GCST90018883	M13_RHEUMA_to_NASAL_POLYPS_GCST90018883	-0.442783338874226	0.276016670095235	0.220358659917915	success	0.168772144906078	0.0339093477588377	6.45250097125719e-07	1.18385036185471	1.10772661808275	1.26520538225328	eligible	0.168377471977064	0.0553313151269266	0.00577446733694641	1.183383220355	1.06176019722024	1.31893797665809	0.215827751086314	0.0339093477588377	1.95486725621696e-10	1.24088861887462	1.16109721084164	1.3261633479736	0.197144060467905	0.0495609555680118	0.00063665821929982	1.21791948211898	1.10517598811921	1.34216439813292	22372	22372	32	25	7	-0.000239531121027555	0.977417143011587	57.4367159618832	0.000145617584007249	5e-04	2	eligible	Outlier-corrected	LCV: undetermined;shared_genetics_only; MR: nominal IVW P<0.05 in trait2_to_trait1. Exploratory directional evidence only; evidence grades unchanged.
P23	NASAL_POLYPS_GCST90018883__M13_RHEUMA	Nasal polyps – Rheuma	NASAL_POLYPS_GCST90018883	M13_RHEUMA	NASAL_POLYPS_GCST90018883_to_M13_RHEUMA	-0.442783338874226	0.276016670095235	0.220358659917915	success	-0.0235391964810513	0.018152607692265	0.194720965075517	0.976735689316585	0.942595246418555	1.01211268612861	eligible	-0.022514841842961	0.0324700219212613	0.497999479481504	0.977736725670708	0.917451019877016	1.04198380514463	-0.0483530871670702	0.018152607692265	0.00772866303066057	0.95279730717565	0.919493597262289	0.987307264851145	-0.0235391964810513	0.0310340195601093	0.458541345508235	0.976735689316585	0.919094920882886	1.03799138163914	4421	4421	22	18	2	0.0010056328795346	0.860765408534459	49.6874760373436	4.72267757932505e-05	5e-04	0	eligible	Raw	LCV: undetermined;shared_genetics_only; MR: nominal IVW P<0.05 in trait2_to_trait1. Exploratory directional evidence only; evidence grades unchanged.
P24	NASAL_POLYPS_GCST90018883__AUTOIMMUNE_NONTHYROID	Nasal polyps – Non-thyroid autoimmune disease	AUTOIMMUNE_NONTHYROID	NASAL_POLYPS_GCST90018883	AUTOIMMUNE_NONTHYROID_to_NASAL_POLYPS_GCST90018883	-0.170265943959436	0.176932781067015	0.445008713559849	success	0.408529253978645	0.0424884113826162	6.90591323291907e-22	1.50460326774598	1.38437942089421	1.63526773017878	eligible	0.405726281803102	0.087353606996196	1.82172183875341e-05	1.50039181170563	1.26429317628136	1.78058035182524	0.276830011563064	0.0424884113826162	7.24846581918104e-11	1.31894214706377	1.21355336977334	1.43348321600896	0.352094183954287	0.0808798190237298	5.63410790951937e-05	1.42204245099278	1.21357401663564	1.66632171149449	33583	33583	72	64	8	0.00438954630501703	0.505992183922457	263.351426078546	2.5378558852003e-26	5e-04	6	eligible	Outlier-corrected	LCV: undetermined;shared_genetics_only; MR: nominal IVW P<0.05 in trait1_to_trait2, trait2_to_trait1. Exploratory directional evidence only; evidence grades unchanged.
P24	NASAL_POLYPS_GCST90018883__AUTOIMMUNE_NONTHYROID	Nasal polyps – Non-thyroid autoimmune disease	NASAL_POLYPS_GCST90018883	AUTOIMMUNE_NONTHYROID	NASAL_POLYPS_GCST90018883_to_AUTOIMMUNE_NONTHYROID	-0.170265943959436	0.176932781067015	0.445008713559849	success	0.0293356856107966	0.00913806637203773	0.00132609069957898	1.02977021550565	1.0114905909655	1.04838018881653	eligible	0.0373806247599702	0.0434327428686979	0.402141174566315	1.03808806767267	0.95337443487289	1.13032906781065	0.00903323244552058	0.00913806637203773	0.322894237146427	1.00907415521856	0.99116190993041	1.02731011001172	0.0042820032867724	0.0149663220986103	0.780633881901229	1.00429118416235	0.975259208908766	1.03418739692266	4421	4421	22	18	3	0.00809356743604358	0.299192712756257	375.910394889937	1.98561223932842e-69	5e-04	7	eligible	Outlier-corrected	LCV: undetermined;shared_genetics_only; MR: nominal IVW P<0.05 in trait1_to_trait2, trait2_to_trait1. Exploratory directional evidence only; evidence grades unchanged.
P25	NASAL_POLYPS_GCST90018883__J10_COPD	Nasal polyps – COPD	J10_COPD	NASAL_POLYPS_GCST90018883	J10_COPD_to_NASAL_POLYPS_GCST90018883	0.876806491706742	0.0883360947490896	1.28688146717848e-41	success	0.0656516595294448	0.0681520363478578	0.335391082759457	1.06785467537105	0.934329301481701	1.22046221380774	eligible	0.0650672537568716	0.0853060382713964	0.456066318953353	1.06723079725123	0.902909834813836	1.2614566047299	-0.0422480169837028	0.0681520363478578	0.535318122448085	0.958631994070508	0.838763908662654	1.09563047547055	0.0656516595294448	0.083459126472611	0.441731292997223	1.06785467537105	0.90671397777069	1.257633207018	1927	1927	25	19	5	0.00352345634259412	0.635825407342686	26.9937052280961	0.0791136312938183	0.083	0	eligible	Raw	LCV: trait1_to_trait2;strong_partial_causality; MR: nominal IVW P<0.05 in trait1_to_trait2. Exploratory directional evidence only; evidence grades unchanged.
P25	NASAL_POLYPS_GCST90018883__J10_COPD	Nasal polyps – COPD	NASAL_POLYPS_GCST90018883	J10_COPD	NASAL_POLYPS_GCST90018883_to_J10_COPD	0.876806491706742	0.0883360947490896	1.28688146717848e-41	success	0.109449300934849	0.0151751848405916	5.49795826804847e-13	1.11566350640448	1.08296856164692	1.14934551528427	eligible	0.105843263698008	0.0282130767987369	0.00174198693502475	1.11164762731308	1.05184486127783	1.17485048680044	0.105920819112628	0.0151751848405916	2.95453090413506e-12	1.111733844949	1.07915406041983	1.14529721689993	0.110003285509634	0.0185329018796508	2.73369530393313e-05	1.11628173800725	1.07646098835038	1.15757554810978	4421	4421	22	18	3	-0.00357791937554358	0.476231357232533	55.3889490837221	5.93355943865176e-06	5e-04	2	eligible	Outlier-corrected	LCV: trait1_to_trait2;strong_partial_causality; MR: nominal IVW P<0.05 in trait1_to_trait2. Exploratory directional evidence only; evidence grades unchanged.
P26	NASAL_POLYPS_GCST90018883__H8_MIDDLEMASTOID	Nasal polyps – Middlemastoid	H8_MIDDLEMASTOID	NASAL_POLYPS_GCST90018883	H8_MIDDLEMASTOID_to_NASAL_POLYPS_GCST90018883	0.419936632956272	0.219320885191293	0.0754461234219925	success	0.52605920278901	0.0986454995615148	9.66964014720117e-08	1.6922503357127	1.39474837637936	2.05320991744309	eligible	0.505859675223326	0.257190314256732	0.070915651565544	1.65841060232422	1.00176822074203	2.74547112690815	0.436248533156579	0.0986454995615148	9.76165969802522e-06	1.54689320122871	1.27494539981129	1.87684788412256	0.197519344890323	0.126076529068431	0.14549046073328	1.21837663410403	0.951618887991055	1.55991189462878	3004	3004	17	15	1	0.00305827068313352	0.853569479753308	73.1898673639311	5.07463074492283e-10	5e-04	3	eligible	Outlier-corrected	LCV: undetermined;shared_genetics_only; MR: nominal IVW P<0.05 in trait1_to_trait2, trait2_to_trait1. Exploratory directional evidence only; evidence grades unchanged.
P26	NASAL_POLYPS_GCST90018883__H8_MIDDLEMASTOID	Nasal polyps – Middlemastoid	NASAL_POLYPS_GCST90018883	H8_MIDDLEMASTOID	NASAL_POLYPS_GCST90018883_to_H8_MIDDLEMASTOID	0.419936632956272	0.219320885191293	0.0754461234219925	success	0.0787714067592183	0.0125154808313636	3.09551922426235e-10	1.08195696575021	1.05573907251389	1.10882594592994	eligible	0.0858725861669063	0.0317213030240762	0.0155444068852153	1.08966748074925	1.02398188111764	1.15956662954469	0.0881274509803922	0.0125154808313636	1.90214738154103e-12	1.0921273058543	1.06566296576337	1.11924885307257	0.0607420656557627	0.0170765041289472	0.00315639515359516	1.06262479140713	1.02764740562701	1.09879268037864	4421	4421	22	18	3	0.00700508804044256	0.221989762295302	109.645777871829	1.40684625881833e-15	5e-04	3	eligible	Outlier-corrected	LCV: undetermined;shared_genetics_only; MR: nominal IVW P<0.05 in trait1_to_trait2, trait2_to_trait1. Exploratory directional evidence only; evidence grades unchanged.
P27	NASAL_POLYPS_GCST90018883__H7_ALLERGICCONJUNCTIVITIS	Nasal polyps – Allergic conjunctivitis	H7_ALLERGICCONJUNCTIVITIS	NASAL_POLYPS_GCST90018883	H7_ALLERGICCONJUNCTIVITIS_to_NASAL_POLYPS_GCST90018883	0.412984822503161	0.125272158954903	1.80274202586699e-05	success	0.516523275550146	0.0782451803161274	4.07449542201156e-11	1.67618985712235	1.43786981344541	1.95401030805946	eligible	0.530350569888592	0.216404296598336	0.0235802706016404	1.69952800753966	1.11204220423382	2.59737934173262	0.349700040399137	0.0782451803161274	7.84813624901353e-06	1.41864194949224	1.21693997049008	1.65377506669345	0.39854324120061	0.143158030890946	0.0132737035246709	1.48965305105252	1.12519178946895	1.9721670858951	2465	2465	26	22	4	-0.00591410857118643	0.671554350075321	150.996798495833	1.13507091578986e-21	5e-04	5	eligible	Outlier-corrected	LCV: trait1_to_trait2;moderate_partial_causality; MR: nominal IVW P<0.05 in trait1_to_trait2, trait2_to_trait1. Exploratory directional evidence only; evidence grades unchanged.
P27	NASAL_POLYPS_GCST90018883__H7_ALLERGICCONJUNCTIVITIS	Nasal polyps – Allergic conjunctivitis	NASAL_POLYPS_GCST90018883	H7_ALLERGICCONJUNCTIVITIS	NASAL_POLYPS_GCST90018883_to_H7_ALLERGICCONJUNCTIVITIS	0.412984822503161	0.125272158954903	1.80274202586699e-05	success	0.0931829848099698	0.0133150386169373	2.59038263821114e-12	1.09766257246968	1.06938691660014	1.12668586486108	eligible	0.0954832312207517	0.0312619668048716	0.00757048521484213	1.10019037302976	1.03480166080718	1.16971097240334	0.101300990383235	0.0133150386169373	2.78341285527167e-14	1.1066096705105	1.07810353847135	1.13586953309115	0.0877329303471263	0.0265145292428293	0.00565055120228978	1.09169652407972	1.03641169410438	1.14993038718812	4421	4421	22	18	3	0.00227734845408888	0.680283866277361	86.4301936505698	2.70636737248177e-11	5e-04	4	eligible	Outlier-corrected	LCV: trait1_to_trait2;moderate_partial_causality; MR: nominal IVW P<0.05 in trait1_to_trait2, trait2_to_trait1. Exploratory directional evidence only; evidence grades unchanged.
P28	NASAL_POLYPS_GCST90018883__J10_CHRONTONSADEN	Nasal polyps – Chronic tonsil and adenoid disease	J10_CHRONTONSADEN	NASAL_POLYPS_GCST90018883	J10_CHRONTONSADEN_to_NASAL_POLYPS_GCST90018883	0.26186281385629	0.21979806525124	0.402060542146931	success	0.0783524938743223	0.0577447639066622	0.174820560973393	1.08150381495834	0.965772245392895	1.2111038677588	eligible	0.0853359239044019	0.0771416458396692	0.272770576039794	1.08908285422118	0.93626033832559	1.26685005741008	0.0788984029648267	0.0577447639066622	0.171835410555093	1.08209437890479	0.966299613175348	1.21176520086721	0.0823390954766879	0.0623557381904409	0.191454164700436	1.08582394539783	0.960906517155636	1.22698058484325	6275	6275	78	66	11	-0.00296237797716979	0.476085584139141	113.298269877779	0.000195718587788056	5e-04	2	eligible	Outlier-corrected	LCV: undetermined;shared_genetics_only; MR: no eligible direction with nominal IVW P<0.05. Exploratory directional evidence only; evidence grades unchanged.
P28	NASAL_POLYPS_GCST90018883__J10_CHRONTONSADEN	Nasal polyps – Chronic tonsil and adenoid disease	NASAL_POLYPS_GCST90018883	J10_CHRONTONSADEN	NASAL_POLYPS_GCST90018883_to_J10_CHRONTONSADEN	0.26186281385629	0.21979806525124	0.402060542146931	success	0.00523023522355803	0.010039963542628	0.602407416450534	1.00524393678085	0.985655779523722	1.02522137385827	eligible	0.00410760388222377	0.0201785673523458	0.841261672242084	1.00411605164978	0.965178338358782	1.04462460988837	0.0310003266194883	0.010039963542628	0.0020171664025231	1.03148584078985	1.01138633447241	1.05198478908156	-0.0102789136249948	0.016369413864289	0.5401554782413	0.989773733866911	0.958521807750074	1.02204460694783	4421	4421	22	18	3	-0.00110904469738679	0.755905163670152	63.0215602851329	3.30558932480669e-07	5e-04	3	eligible	Outlier-corrected	LCV: undetermined;shared_genetics_only; MR: no eligible direction with nominal IVW P<0.05. Exploratory directional evidence only; evidence grades unchanged.
P29	NASAL_POLYPS_GCST90018883__H8_SUP_ACUTE	Nasal polyps – Sup Acute	H8_SUP_ACUTE	NASAL_POLYPS_GCST90018883	H8_SUP_ACUTE_to_NASAL_POLYPS_GCST90018883	0.221097667208326	0.217767257491667	0.455297977721069	success	Not estimable: insufficient instruments	Not estimable: insufficient instruments	Not estimable: insufficient instruments	Not estimable: insufficient instruments	Not estimable: insufficient instruments	Not estimable: insufficient instruments	insufficient_instruments	Not estimable: insufficient instruments	Not estimable: insufficient instruments	Not estimable: insufficient instruments	Not estimable: insufficient instruments	Not estimable: insufficient instruments	Not estimable: insufficient instruments	Not estimable: insufficient instruments	Not estimable: insufficient instruments	Not estimable: insufficient instruments	Not estimable: insufficient instruments	Not estimable: insufficient instruments	Not estimable: insufficient instruments	Not estimable: insufficient instruments	Not estimable: insufficient instruments	Not estimable: insufficient instruments	Not estimable: insufficient instruments	Not estimable: insufficient instruments	Not estimable: insufficient instruments	551	551	3	3	0	Not estimable: insufficient instruments	Not estimable: insufficient instruments	Not estimable: insufficient instruments	Not estimable: insufficient instruments	Not estimable: insufficient instruments	Not estimable: insufficient instruments	insufficient_instruments	Not estimable: insufficient instruments	LCV: undetermined;shared_genetics_only; MR: nominal IVW P<0.05 in trait1_to_trait2. Exploratory directional evidence only; evidence grades unchanged.
P29	NASAL_POLYPS_GCST90018883__H8_SUP_ACUTE	Nasal polyps – Sup Acute	NASAL_POLYPS_GCST90018883	H8_SUP_ACUTE	NASAL_POLYPS_GCST90018883_to_H8_SUP_ACUTE	0.221097667208326	0.217767257491667	0.455297977721069	success	0.0801246927690749	0.019352232857899	3.4680166276005e-05	1.08342215416111	1.04309714990818	1.12530607933348	eligible	0.0892160006993339	0.0329422380616105	0.0155074849660449	1.09331678801391	1.02495551751115	1.16623753765982	0.071118321979204	0.019352232857899	0.000237903999596151	1.07370826163925	1.03374480874998	1.11521665826445	0.067261361267886	0.0304980886632995	0.0423975183994045	1.06957498712134	1.00751319093034	1.13545972735031	4421	4421	22	18	3	0.00897646719539445	0.136672259007991	51.8187935433572	2.19528083795372e-05	5e-04	1	eligible	Outlier-corrected	LCV: undetermined;shared_genetics_only; MR: nominal IVW P<0.05 in trait1_to_trait2. Exploratory directional evidence only; evidence grades unchanged.
P30	NASAL_POLYPS_GCST90018883__L12_PSORIASIS	Nasal polyps – Psoriasis	L12_PSORIASIS	NASAL_POLYPS_GCST90018883	L12_PSORIASIS_to_NASAL_POLYPS_GCST90018883	-0.200792458248421	0.478075264925583	0.641978261068178	success	-0.066365853721612	0.0280132166763968	0.0178318753912313	0.935788439973427	0.885793205130165	0.988605466057078	eligible	-0.063039054474425	0.0449451968448717	0.169078667993447	0.938906804461307	0.859734515508372	1.02537000848741	-0.131633209360641	0.0280132166763968	2.61479387728224e-06	0.876662487709895	0.829826103459862	0.926142373870112	-0.0558994078537638	0.0321997160499305	0.091356972224663	0.945634254485437	0.887798166935109	1.00723810496625	19528	19528	49	39	10	-0.00540811162224888	0.429851960854432	96.051922905264	6.29471521902056e-07	5e-04	3	eligible	Outlier-corrected	LCV: undetermined;shared_genetics_only; MR: nominal IVW P<0.05 in trait1_to_trait2, trait2_to_trait1. Exploratory directional evidence only; evidence grades unchanged.
P30	NASAL_POLYPS_GCST90018883__L12_PSORIASIS	Nasal polyps – Psoriasis	NASAL_POLYPS_GCST90018883	L12_PSORIASIS	NASAL_POLYPS_GCST90018883_to_L12_PSORIASIS	-0.200792458248421	0.478075264925583	0.641978261068178	success	-0.0452539026367616	0.0198351831129721	0.0225190782574933	0.955754782364046	0.919310945778863	0.993643345819008	eligible	-0.0522803950985368	0.0608597237965195	0.403010281314161	0.949062716997027	0.842345131576608	1.06930046489129	-0.0605935517970402	0.0198351831129721	0.00225171494808114	0.941205713413716	0.905316646630448	0.978517514573256	-0.0536334444216923	0.0302923824958899	0.102015248642365	0.947779456683188	0.893144842050071	1.00575612847834	4421	4421	22	18	3	-0.00696196291815419	0.519580175162716	149.955071444728	2.49769353043826e-23	5e-04	5	eligible	Outlier-corrected	LCV: undetermined;shared_genetics_only; MR: nominal IVW P<0.05 in trait1_to_trait2, trait2_to_trait1. Exploratory directional evidence only; evidence grades unchanged.
P31	NASAL_POLYPS_GCST90018883__K11_IBD_STRICT	Nasal polyps – Ibd	K11_IBD_STRICT	NASAL_POLYPS_GCST90018883	K11_IBD_STRICT_to_NASAL_POLYPS_GCST90018883	-0.298885661377758	0.421247287642239	0.633311453551583	success	-0.0671569000579942	0.0259195586429665	0.00957047484168891	0.935048480665993	0.888732281049215	0.983778444689312	eligible	-0.0642449495959613	0.0490704218363376	0.195799833978224	0.93777526372308	0.85178342847554	1.03244840865808	-0.0496879596136264	0.0259195586429665	0.0552371195158398	0.951526292812908	0.904393889916381	1.00111499647348	0.0178976689445182	0.0393168863900499	0.65084901464869	1.01805879202851	0.942552716705635	1.09961351302352	9626	9626	73	58	12	-0.00673240458426906	0.278838723835727	204.393898331464	1.78411220099511e-18	5e-04	5	eligible	Outlier-corrected	LCV: undetermined;shared_genetics_only; MR: nominal IVW P<0.05 in trait1_to_trait2, trait2_to_trait1. Exploratory directional evidence only; evidence grades unchanged.
P31	NASAL_POLYPS_GCST90018883__K11_IBD_STRICT	Nasal polyps – Ibd	NASAL_POLYPS_GCST90018883	K11_IBD_STRICT	NASAL_POLYPS_GCST90018883_to_K11_IBD_STRICT	-0.298885661377758	0.421247287642239	0.633311453551583	success	-0.0821474389485906	0.0213546739055191	0.000119664190618633	0.921136137340318	0.883377544271815	0.960508662480964	eligible	-0.0981754699203301	0.0534254742942751	0.0847616625811987	0.906489828099916	0.81636852716969	1.00655988208841	-0.019584475639967	0.0213546739055191	0.359087684355696	0.980606054365702	0.940409710452615	1.0225205282024	-0.0358560409342727	0.0264148117645044	0.19962778863596	0.964779172194721	0.916100621086945	1.01604434019087	4421	4421	22	18	3	-0.0158541120718241	0.106903909779269	114.759330207582	1.52546566254312e-16	5e-04	5	eligible	Outlier-corrected	LCV: undetermined;shared_genetics_only; MR: nominal IVW P<0.05 in trait1_to_trait2, trait2_to_trait1. Exploratory directional evidence only; evidence grades unchanged.
