analysis_scope	phenotype_domain	database	term_id	term_name	FDR	p_value	odds_ratio	overlap_count	input_gene_count	background_gene_count	term_size_in_background	gene_ratio	background_ratio	overlap_genes	source_analysis
domain	asthma_lower_airway	GO_BP	GO:0001816	cytokine production	0.007116368315540779	6.912451010724409e-6	4.4223728344525846	17	80	1456	96	17/80	96/1456	APOA2;ARNT;ARRB2;F11R;FCER1G;FOXP1;GLTPD2;IL13;IL33;IL4R;IRF1;JAK2;LRRC32;TLR1;TLR6;TSKU;TSLP	enrichment_domain_asthma_lower_airway_vs_global_AB3782
domain	asthma_lower_airway	GO_BP	GO:0001817	regulation of cytokine production	0.007116368315540779	6.912451010724409e-6	4.4223728344525846	17	80	1456	96	17/80	96/1456	APOA2;ARNT;ARRB2;F11R;FCER1G;FOXP1;GLTPD2;IL13;IL33;IL4R;IRF1;JAK2;LRRC32;TLR1;TLR6;TSKU;TSLP	enrichment_domain_asthma_lower_airway_vs_global_AB3782
domain	asthma_lower_airway	GO_BP	GO:0009617	response to bacterium	0.008346297059988305	1.2160704798428807e-5	5.3561930553656945	13	80	1456	61	13/80	61/1456	FCER1G;FOXP1;IL13;IL33;IL7R;JAK2;SLC22A4;SLC22A5;TLR1;TLR10;TLR6;TNIP3;TSLP	enrichment_domain_asthma_lower_airway_vs_global_AB3782
domain	asthma_lower_airway	GO_BP	GO:0002224	toll-like receptor signaling pathway	0.008346650533737445	1.6214959754710917e-5	18.394588803961007	6	80	1456	12	6/80	12/1456	ARRB2;IRF1;TLR1;TLR10;TLR6;TNIP3	enrichment_domain_asthma_lower_airway_vs_global_AB3782
domain	asthma_lower_airway	GO_BP	GO:0002274	myeloid leukocyte activation	0.016006118441955413	3.97989598730775e-5	6.181823800251865	10	80	1456	41	10/80	41/1456	CAMK4;FCER1G;FOXP1;IL13;IL33;IL4R;JAK2;TLR1;TLR6;TSLP	enrichment_domain_asthma_lower_airway_vs_global_AB3782
domain	asthma_lower_airway	GO_BP	GO:0001774	microglial cell activation	0.016006118441955413	8.97899420515033e-5	18.164614956010883	5	80	1456	10	5/80	10/1456	IL13;IL33;JAK2;TLR1;TLR6	enrichment_domain_asthma_lower_airway_vs_global_AB3782
domain	asthma_lower_airway	GO_BP	GO:0002269	leukocyte activation involved in inflammatory response	0.016006118441955413	8.97899420515033e-5	18.164614956010883	5	80	1456	10	5/80	10/1456	IL13;IL33;JAK2;TLR1;TLR6	enrichment_domain_asthma_lower_airway_vs_global_AB3782
domain	asthma_lower_airway	GO_BP	GO:0006954	inflammatory response	0.016006118441955413	1.0873437771417913e-4	3.5670327529585406	16	80	1456	106	16/80	106/1456	ARNT;CAMK4;EXT1;F11R;FAM114A1;FCER1G;FOXP1;IL13;IL33;IL4R;JAK2;TLR1;TLR10;TLR6;TNIP3;TSLP	enrichment_domain_asthma_lower_airway_vs_global_AB3782
domain	asthma_lower_airway	GO_BP	GO:0006955	immune response	0.016006118441955413	1.2858549233568404e-4	2.9210526316019534	22	80	1456	180	22/80	180/1456	APOA2;ARRB2;CAMK4;CD247;CIITA;EXT1;FCER1G;FOXP1;IL13;IL33;IL4R;IL7R;IRF1;JAK2;PLD2;SLC22A5;TLR1;TLR10;TLR6;TNIP3;TSKU;TSLP	enrichment_domain_asthma_lower_airway_vs_global_AB3782
domain	asthma_lower_airway	GO_BP	GO:0043207	response to external biotic stimulus	0.016006118441955413	1.4939462240885824e-4	3.210065061307795	18	80	1456	132	18/80	132/1456	ARRB2;CIITA;EXT1;FCER1G;FOXP1;IL13;IL33;IL4R;IL7R;IRF1;JAK2;SLC22A4;SLC22A5;TLR1;TLR10;TLR6;TNIP3;TSLP	enrichment_domain_asthma_lower_airway_vs_global_AB3782
domain	asthma_lower_airway	GO_BP	GO:0051707	response to other organism	0.016006118441955413	1.4939462240885824e-4	3.210065061307795	18	80	1456	132	18/80	132/1456	ARRB2;CIITA;EXT1;FCER1G;FOXP1;IL13;IL33;IL4R;IL7R;IRF1;JAK2;SLC22A4;SLC22A5;TLR1;TLR10;TLR6;TNIP3;TSLP	enrichment_domain_asthma_lower_airway_vs_global_AB3782
domain	asthma_lower_airway	GO_BP	GO:0032755	positive regulation of interleukin-6 production	0.016006118441955413	1.5755020299405598e-4	15.13899398360475	5	80	1456	11	5/80	11/1456	FCER1G;IL33;TLR1;TLR6;TSLP	enrichment_domain_asthma_lower_airway_vs_global_AB3782
domain	asthma_lower_airway	GO_BP	GO:0061900	glial cell activation	0.016006118441955413	1.5755020299405598e-4	15.13899398360475	5	80	1456	11	5/80	11/1456	IL13;IL33;JAK2;TLR1;TLR6	enrichment_domain_asthma_lower_airway_vs_global_AB3782
domain	asthma_lower_airway	GO_BP	GO:0002682	regulation of immune system process	0.016006118441955413	1.5831854029389067e-4	3.0112437360002553	20	80	1456	157	20/80	157/1456	APOA2;ARNT;ARRB2;CAMK4;CD247;FCER1G;FOXP1;IL13;IL33;IL4R;IL7R;IRF1;JAK2;LRRC32;PLD2;TLR1;TLR10;TLR6;TNIP3;TSLP	enrichment_domain_asthma_lower_airway_vs_global_AB3782
domain	asthma_lower_airway	GO_BP	GO:0032493	response to bacterial lipoprotein	0.016006118441955413	1.6003792291034014e-4	Inf	3	80	1456	3	3/80	3/1456	TLR1;TLR10;TLR6	enrichment_domain_asthma_lower_airway_vs_global_AB3782
domain	asthma_lower_airway	GO_BP	GO:0043306	positive regulation of mast cell degranulation	0.016006118441955413	1.6003792291034014e-4	Inf	3	80	1456	3	3/80	3/1456	FCER1G;IL13;IL4R	enrichment_domain_asthma_lower_airway_vs_global_AB3782
domain	asthma_lower_airway	GO_BP	GO:0070339	response to bacterial lipopeptide	0.016006118441955413	1.6003792291034014e-4	Inf	3	80	1456	3	3/80	3/1456	TLR1;TLR10;TLR6	enrichment_domain_asthma_lower_airway_vs_global_AB3782
domain	asthma_lower_airway	GO_BP	GO:0071220	cellular response to bacterial lipoprotein	0.016006118441955413	1.6003792291034014e-4	Inf	3	80	1456	3	3/80	3/1456	TLR1;TLR10;TLR6	enrichment_domain_asthma_lower_airway_vs_global_AB3782
domain	asthma_lower_airway	GO_BP	GO:0071221	cellular response to bacterial lipopeptide	0.016006118441955413	1.6003792291034014e-4	Inf	3	80	1456	3	3/80	3/1456	TLR1;TLR10;TLR6	enrichment_domain_asthma_lower_airway_vs_global_AB3782
domain	asthma_lower_airway	GO_BP	GO:0009607	response to biotic stimulus	0.016006118441955413	1.6530080224158773e-4	3.1796761397283824	18	80	1456	133	18/80	133/1456	ARRB2;CIITA;EXT1;FCER1G;FOXP1;IL13;IL33;IL4R;IL7R;IRF1;JAK2;SLC22A4;SLC22A5;TLR1;TLR10;TLR6;TNIP3;TSLP	enrichment_domain_asthma_lower_airway_vs_global_AB3782
domain	asthma_lower_airway	GO_BP	GO:0001819	positive regulation of cytokine production	0.016006118441955413	1.6928859975685342e-4	4.231129980551767	12	80	1456	67	12/80	67/1456	APOA2;ARNT;FCER1G;FOXP1;IL13;IL33;IL4R;IRF1;JAK2;TLR1;TLR6;TSLP	enrichment_domain_asthma_lower_airway_vs_global_AB3782
domain	asthma_lower_airway	GO_BP	GO:0002376	immune system process	0.016006118441955413	1.7102214945265617e-4	2.6559999215890784	26	80	1456	237	26/80	237/1456	APOA2;ARNT;ARRB2;CAMK4;CD247;CIITA;EXT1;F11R;FCER1G;FOXP1;IL13;IL21R;IL33;IL4R;IL7R;IRF1;JAK2;LRRC32;PLD2;SLC22A5;TLR1;TLR10;TLR6;TNIP3;TSKU;TSLP	enrichment_domain_asthma_lower_airway_vs_global_AB3782
domain	asthma_lower_airway	GO_BP	GO:0042116	macrophage activation	0.016508520967114804	1.8851591545161406e-4	7.6423252507931885	7	80	1456	24	7/80	24/1456	FOXP1;IL13;IL33;IL4R;JAK2;TLR1;TLR6	enrichment_domain_asthma_lower_airway_vs_global_AB3782
domain	asthma_lower_airway	GO_BP	GO:0002684	positive regulation of immune system process	0.016508520967114804	1.9242569364291172e-4	3.3666841256729403	16	80	1456	111	16/80	111/1456	ARRB2;CD247;FCER1G;FOXP1;IL13;IL33;IL4R;IL7R;IRF1;JAK2;PLD2;TLR1;TLR10;TLR6;TNIP3;TSLP	enrichment_domain_asthma_lower_airway_vs_global_AB3782
domain	asthma_lower_airway	GO_BP	GO:0007178	cell surface receptor protein serine/threonine kinase signaling pathway	0.01680207954579672	2.0969434950565455e-4	6.242391004009687	8	80	1456	32	8/80	32/1456	ARRB2;EXT1;GDF9;IL13;JAK2;LRRC32;NREP;TSKU	enrichment_domain_asthma_lower_airway_vs_global_AB3782
domain	asthma_lower_airway	GO_BP	GO:0006952	defense response	0.01680207954579672	2.1274601194876548e-4	2.8633060931852214	21	80	1456	173	21/80	173/1456	ARNT;ARRB2;CAMK4;CIITA;EXT1;F11R;FAM114A1;FCER1G;FOXP1;IL13;IL33;IL4R;IL7R;IRF1;JAK2;SLC22A5;TLR1;TLR10;TLR6;TNIP3;TSLP	enrichment_domain_asthma_lower_airway_vs_global_AB3782
domain	asthma_lower_airway	GO_BP	GO:0050778	positive regulation of immune response	0.01680207954579672	2.481278638246813e-4	3.7852911156413134	13	80	1456	80	13/80	80/1456	ARRB2;CD247;FCER1G;FOXP1;IL33;IL4R;IRF1;JAK2;PLD2;TLR1;TLR10;TLR6;TNIP3	enrichment_domain_asthma_lower_airway_vs_global_AB3782
domain	asthma_lower_airway	GO_BP	GO:0007179	transforming growth factor beta receptor signaling pathway	0.01680207954579672	2.493227285527799e-4	9.181764025908764	6	80	1456	18	6/80	18/1456	ARRB2;GDF9;IL13;LRRC32;NREP;TSKU	enrichment_domain_asthma_lower_airway_vs_global_AB3782
domain	asthma_lower_airway	GO_BP	GO:0042742	defense response to bacterium	0.01680207954579672	2.493227285527799e-4	9.181764025908764	6	80	1456	18	6/80	18/1456	FCER1G;FOXP1;IL33;IL7R;TLR6;TSLP	enrichment_domain_asthma_lower_airway_vs_global_AB3782
domain	asthma_lower_airway	GO_BP	GO:0002532	production of molecular mediator involved in inflammatory response	0.01680207954579672	2.5850394816501643e-4	12.97840707144327	5	80	1456	12	5/80	12/1456	FCER1G;IL33;IL4R;JAK2;TLR6	enrichment_domain_asthma_lower_airway_vs_global_AB3782
domain	asthma_lower_airway	GO_BP	GO:0044419	biological process involved in interspecies interaction between organisms	0.01680207954579672	2.6095795593884076e-4	2.956968073740421	19	80	1456	150	19/80	150/1456	ARRB2;CIITA;EXT1;F11R;FCER1G;FOXP1;IL13;IL33;IL4R;IL7R;IRF1;JAK2;SLC22A4;SLC22A5;TLR1;TLR10;TLR6;TNIP3;TSLP	enrichment_domain_asthma_lower_airway_vs_global_AB3782
domain	asthma_lower_airway	GO_BP	GO:0043032	positive regulation of macrophage activation	0.01680207954579672	2.6112993951699613e-4	23.918850672983865	4	80	1456	7	4/80	7/1456	IL13;IL33;IL4R;TLR6	enrichment_domain_asthma_lower_airway_vs_global_AB3782
domain	asthma_lower_airway	GO_BP	GO:0048584	positive regulation of response to stimulus	0.020503744472828364	3.4454040706546863e-4	2.688402331840691	22	80	1456	192	22/80	192/1456	ANKRD6;ARNT;ARRB2;CD247;CLEC16A;F11R;FCER1G;FOXP1;HINT1;IL33;IL4R;IL7R;IRF1;JAK2;PLD2;RAD50;TLR1;TLR10;TLR6;TNIP3;TSLP;VPS72	enrichment_domain_asthma_lower_airway_vs_global_AB3782
domain	asthma_lower_airway	GO_BP	GO:0032635	interleukin-6 production	0.020503744472828364	3.485337817139353e-4	8.471736318756962	6	80	1456	19	6/80	19/1456	ARRB2;FCER1G;IL33;TLR1;TLR6;TSLP	enrichment_domain_asthma_lower_airway_vs_global_AB3782
domain	asthma_lower_airway	GO_BP	GO:0032675	regulation of interleukin-6 production	0.020503744472828364	3.485337817139353e-4	8.471736318756962	6	80	1456	19	6/80	19/1456	ARRB2;FCER1G;IL33;TLR1;TLR6;TSLP	enrichment_domain_asthma_lower_airway_vs_global_AB3782
domain	asthma_lower_airway	GO_BP	GO:0001775	cell activation	0.021227202544789707	4.0094540104420673e-4	3.012901371384769	17	80	1456	130	17/80	130/1456	CAMK4;CD247;F11R;FAM114A1;FCER1G;FOXP1;IL13;IL21R;IL33;IL4R;IL7R;IRF1;JAK2;LRRC32;TLR1;TLR6;TSLP	enrichment_domain_asthma_lower_airway_vs_global_AB3782
domain	asthma_lower_airway	GO_BP	GO:0002757	immune response-activating signaling pathway	0.021227202544789707	4.0185595392143604e-4	4.420343863426361	10	80	1456	53	10/80	53/1456	ARRB2;CD247;FCER1G;FOXP1;IRF1;PLD2;TLR1;TLR10;TLR6;TNIP3	enrichment_domain_asthma_lower_airway_vs_global_AB3782
domain	asthma_lower_airway	GO_BP	GO:0032611	interleukin-1 beta production	0.021227202544789707	4.02069402256823e-4	11.348987989339566	5	80	1456	13	5/80	13/1456	ARRB2;FOXP1;GLTPD2;JAK2;TLR6	enrichment_domain_asthma_lower_airway_vs_global_AB3782
domain	asthma_lower_airway	GO_BP	GO:0032651	regulation of interleukin-1 beta production	0.021227202544789707	4.02069402256823e-4	11.348987989339566	5	80	1456	13	5/80	13/1456	ARRB2;FOXP1;GLTPD2;JAK2;TLR6	enrichment_domain_asthma_lower_airway_vs_global_AB3782
domain	asthma_lower_airway	GO_BP	GO:0032640	tumor necrosis factor production	0.021227988696333137	4.2270400026695414e-4	6.4829866966454	7	80	1456	27	7/80	27/1456	ARRB2;FCER1G;FOXP1;IL33;JAK2;TLR1;TLR6	enrichment_domain_asthma_lower_airway_vs_global_AB3782
domain	asthma_lower_airway	GO_BP	GO:0032680	regulation of tumor necrosis factor production	0.021227988696333137	4.2270400026695414e-4	6.4829866966454	7	80	1456	27	7/80	27/1456	ARRB2;FCER1G;FOXP1;IL33;JAK2;TLR1;TLR6	enrichment_domain_asthma_lower_airway_vs_global_AB3782
domain	asthma_lower_airway	GO_BP	GO:0071706	tumor necrosis factor superfamily cytokine production	0.025216154200816684	5.388590504302739e-4	6.1706494411365505	7	80	1456	28	7/80	28/1456	ARRB2;FCER1G;FOXP1;IL33;JAK2;TLR1;TLR6	enrichment_domain_asthma_lower_airway_vs_global_AB3782
domain	asthma_lower_airway	GO_BP	GO:0141091	transforming growth factor beta receptor superfamily signaling pathway	0.025216154200816684	5.388590504302739e-4	6.1706494411365505	7	80	1456	28	7/80	28/1456	ARRB2;EXT1;GDF9;IL13;LRRC32;NREP;TSKU	enrichment_domain_asthma_lower_airway_vs_global_AB3782
domain	asthma_lower_airway	GO_BP	GO:1903555	regulation of tumor necrosis factor superfamily cytokine production	0.025216154200816684	5.388590504302739e-4	6.1706494411365505	7	80	1456	28	7/80	28/1456	ARRB2;FCER1G;FOXP1;IL33;JAK2;TLR1;TLR6	enrichment_domain_asthma_lower_airway_vs_global_AB3782
domain	asthma_lower_airway	GO_BP	GO:0010628	positive regulation of gene expression	0.026368439188219926	5.93650819627984e-4	2.9921114179749737	16	80	1456	122	16/80	122/1456	APOA2;ARNT;ARRB2;FCER1G;FOXP1;IL13;IL33;IL4R;IL7R;IRF1;JAK2;LRRC32;TLR1;TLR6;TSLP;VPS72	enrichment_domain_asthma_lower_airway_vs_global_AB3782
domain	asthma_lower_airway	GO_BP	GO:0150076	neuroinflammatory response	0.026368439188219926	5.986635375897465e-4	10.08461616931682	5	80	1456	14	5/80	14/1456	IL13;IL33;JAK2;TLR1;TLR6	enrichment_domain_asthma_lower_airway_vs_global_AB3782
domain	asthma_lower_airway	GO_BP	GO:0060333	type II interferon-mediated signaling pathway	0.026368439188219926	6.147086357622906e-4	53.03667504715565	3	80	1456	4	3/80	4/1456	CIITA;IRF1;JAK2	enrichment_domain_asthma_lower_airway_vs_global_AB3782
domain	asthma_lower_airway	GO_BP	GO:0071402	cellular response to lipoprotein particle stimulus	0.026368439188219926	6.147086357622906e-4	53.03667504715565	3	80	1456	4	3/80	4/1456	APOA2;FCER1G;TLR6	enrichment_domain_asthma_lower_airway_vs_global_AB3782
domain	asthma_lower_airway	GO_BP	GO:0019221	cytokine-mediated signaling pathway	0.029968830931294196	7.165698262483598e-4	3.7523332656456363	11	80	1456	67	11/80	67/1456	CIITA;EXT1;FCER1G;IL13;IL21R;IL33;IL4R;IL7R;IRF1;JAK2;TSLP	enrichment_domain_asthma_lower_airway_vs_global_AB3782
domain	asthma_lower_airway	GO_BP	GO:0071345	cellular response to cytokine stimulus	0.029968830931294196	7.370294101924488e-4	3.3146166092737825	13	80	1456	89	13/80	89/1456	CIITA;EXT1;FCER1G;FOXP1;GLDC;IL13;IL21R;IL33;IL4R;IL7R;IRF1;JAK2;TSLP	enrichment_domain_asthma_lower_airway_vs_global_AB3782
domain	asthma_lower_airway	GO_BP	GO:0002253	activation of immune response	0.029968830931294196	7.423071284584769e-4	4.032852716756342	10	80	1456	57	10/80	57/1456	ARRB2;CD247;FCER1G;FOXP1;IRF1;PLD2;TLR1;TLR10;TLR6;TNIP3	enrichment_domain_asthma_lower_airway_vs_global_AB3782
domain	asthma_lower_airway	GO_BP	GO:0031347	regulation of defense response	0.031232498401619978	8.233407371369718e-4	3.269125391340011	13	80	1456	90	13/80	90/1456	ARNT;ARRB2;FCER1G;FOXP1;IL13;IL33;IRF1;JAK2;TLR1;TLR10;TLR6;TNIP3;TSLP	enrichment_domain_asthma_lower_airway_vs_global_AB3782
domain	asthma_lower_airway	GO_BP	GO:0071560	cellular response to transforming growth factor beta stimulus	0.031232498401619978	8.387930276779187e-4	6.8707498786514485	6	80	1456	22	6/80	22/1456	ARRB2;GDF9;IL13;LRRC32;NREP;TSKU	enrichment_domain_asthma_lower_airway_vs_global_AB3782
domain	asthma_lower_airway	GO_BP	GO:0001818	negative regulation of cytokine production	0.031232498401619978	8.422073777298615e-4	4.337660567745939	9	80	1456	48	9/80	48/1456	APOA2;ARRB2;GLTPD2;IL13;IL33;JAK2;LRRC32;TLR6;TSKU	enrichment_domain_asthma_lower_airway_vs_global_AB3782
domain	asthma_lower_airway	GO_BP	GO:0034097	response to cytokine	0.031232498401619978	8.646199168976875e-4	3.101008915261422	14	80	1456	102	14/80	102/1456	CIITA;EXT1;FCER1G;FOXP1;GLDC;IL13;IL21R;IL33;IL4R;IL7R;IRF1;JAK2;SLC22A5;TSLP	enrichment_domain_asthma_lower_airway_vs_global_AB3782
domain	asthma_lower_airway	GO_BP	GO:0050776	regulation of immune response	0.031232498401619978	8.646199168976875e-4	3.101008915261422	14	80	1456	102	14/80	102/1456	ARRB2;CD247;FCER1G;FOXP1;IL33;IL4R;IL7R;IRF1;JAK2;PLD2;TLR1;TLR10;TLR6;TNIP3	enrichment_domain_asthma_lower_airway_vs_global_AB3782
domain	asthma_lower_airway	GO_BP	GO:1901652	response to peptide	0.031232498401619978	8.646199168976875e-4	3.101008915261422	14	80	1456	102	14/80	102/1456	CIITA;EXT1;FCER1G;FOXP1;GLDC;IL13;IL21R;IL33;IL4R;IL7R;IRF1;JAK2;SLC22A5;TSLP	enrichment_domain_asthma_lower_airway_vs_global_AB3782
domain	asthma_lower_airway	GO_BP	GO:0002237	response to molecule of bacterial origin	0.03174189659770338	8.941379323296726e-4	4.81054652809618	8	80	1456	39	8/80	39/1456	FOXP1;IL13;JAK2;SLC22A4;TLR1;TLR10;TLR6;TNIP3	enrichment_domain_asthma_lower_airway_vs_global_AB3782
domain	asthma_lower_airway	GO_BP	GO:0007166	cell surface receptor signaling pathway	0.03292812133557386	9.435450018450012e-4	2.348451302365692	25	80	1456	248	25/80	248/1456	ANKRD6;ARNT;ARRB2;CD247;CIITA;EXT1;FCER1G;FOXP1;GDF9;IL13;IL21R;IL33;IL4R;IL7R;IRF1;JAK2;LRRC32;MLLT11;NREP;PLD2;TLR1;TLR6;TNIP3;TSKU;TSLP	enrichment_domain_asthma_lower_airway_vs_global_AB3782
domain	asthma_lower_airway	GO_BP	GO:0002764	immune response-regulating signaling pathway	0.0338478337962128	9.86338041657488e-4	3.8628694900078657	10	80	1456	59	10/80	59/1456	ARRB2;CD247;FCER1G;FOXP1;IRF1;PLD2;TLR1;TLR10;TLR6;TNIP3	enrichment_domain_asthma_lower_airway_vs_global_AB3782
domain	asthma_lower_airway	GO_BP	GO:0048583	regulation of response to stimulus	0.034923918190503084	0.0010552983497690445	2.2067547066327076	30	80	1456	324	30/80	324/1456	ANKRD6;ARNT;ARRB2;CD247;CDC42SE2;CERS2;CLEC16A;EXT1;F11R;FCER1G;FOXP1;HINT1;IL13;IL33;IL4R;IL7R;IRF1;JAK2;KDM8;LRRC32;NREP;PLD2;RAD50;TLR1;TLR10;TLR6;TNIP3;TSKU;TSLP;VPS72	enrichment_domain_asthma_lower_airway_vs_global_AB3782
domain	asthma_lower_airway	GO_BP	GO:0050865	regulation of cell activation	0.034923918190503084	0.0010590030988174527	3.3382949547135174	12	80	1456	81	12/80	81/1456	CAMK4;F11R;FCER1G;IL13;IL33;IL4R;IL7R;IRF1;JAK2;LRRC32;TLR6;TSLP	enrichment_domain_asthma_lower_airway_vs_global_AB3782
domain	asthma_lower_airway	GO_BP	GO:0051240	positive regulation of multicellular organismal process	0.034923918190503084	0.0010791577504522813	2.6446141745307465	18	80	1456	154	18/80	154/1456	APOA2;ARNT;ARRB2;FCER1G;FOXP1;IL13;IL33;IL4R;IL7R;IRF1;JAK2;NACA;NCMAP;SLC22A5;TLR1;TLR6;TSKU;TSLP	enrichment_domain_asthma_lower_airway_vs_global_AB3782
domain	asthma_lower_airway	GO_BP	GO:0071559	response to transforming growth factor beta	0.034923918190503084	0.0010855418961593965	6.46336228592377	6	80	1456	23	6/80	23/1456	ARRB2;GDF9;IL13;LRRC32;NREP;TSKU	enrichment_domain_asthma_lower_airway_vs_global_AB3782
domain	asthma_lower_airway	GO_BP	GO:0045321	leukocyte activation	0.03624014232971939	0.001157547758018578	2.879097655767525	15	80	1456	117	15/80	117/1456	CAMK4;CD247;FCER1G;FOXP1;IL13;IL21R;IL33;IL4R;IL7R;IRF1;JAK2;LRRC32;TLR1;TLR6;TSLP	enrichment_domain_asthma_lower_airway_vs_global_AB3782
domain	asthma_lower_airway	GO_BP	GO:0031099	regeneration	0.03624014232971939	0.0011968575417294406	8.244932753518782	5	80	1456	16	5/80	16/1456	CERS2;JAK2;NACA;NREP;SLC22A4	enrichment_domain_asthma_lower_airway_vs_global_AB3782
domain	asthma_lower_airway	GO_BP	GO:0032612	interleukin-1 production	0.03624014232971939	0.0011968575417294406	8.244932753518782	5	80	1456	16	5/80	16/1456	ARRB2;FOXP1;GLTPD2;JAK2;TLR6	enrichment_domain_asthma_lower_airway_vs_global_AB3782
domain	asthma_lower_airway	GO_BP	GO:0032652	regulation of interleukin-1 production	0.03624014232971939	0.0011968575417294406	8.244932753518782	5	80	1456	16	5/80	16/1456	ARRB2;FOXP1;GLTPD2;JAK2;TLR6	enrichment_domain_asthma_lower_airway_vs_global_AB3782
domain	asthma_lower_airway	GO_BP	GO:0098542	defense response to other organism	0.037571052237491756	0.0012590590599256587	3.0983877323392672	13	80	1456	94	13/80	94/1456	ARRB2;CIITA;FCER1G;IL33;IL4R;IRF1;JAK2;SLC22A5;TLR1;TLR10;TLR6;TNIP3;TSLP	enrichment_domain_asthma_lower_airway_vs_global_AB3782
domain	asthma_lower_airway	GO_BP	GO:0002429	immune response-activating cell surface receptor signaling pathway	0.03765502004946866	0.0012801609536001973	5.169923011685404	7	80	1456	32	7/80	32/1456	CD247;FCER1G;FOXP1;PLD2;TLR1;TLR6;TNIP3	enrichment_domain_asthma_lower_airway_vs_global_AB3782
domain	asthma_lower_airway	GO_BP	GO:0034341	response to type II interferon	0.039436086045303784	0.0013790180647216476	11.96153542877872	4	80	1456	10	4/80	10/1456	CIITA;IRF1;JAK2;SLC22A5	enrichment_domain_asthma_lower_airway_vs_global_AB3782
domain	asthma_lower_airway	GO_BP	GO:0045576	mast cell activation	0.039436086045303784	0.0013790180647216476	11.96153542877872	4	80	1456	10	4/80	10/1456	FCER1G;IL13;IL4R;TSLP	enrichment_domain_asthma_lower_airway_vs_global_AB3782
domain	asthma_lower_airway	GO_BP	GO:0043302	positive regulation of leukocyte degranulation	0.041626419690442375	0.001475827410103105	26.558882361047544	3	80	1456	5	3/80	5/1456	FCER1G;IL13;IL4R	enrichment_domain_asthma_lower_airway_vs_global_AB3782
domain	asthma_lower_airway	GO_BP	GO:0051239	regulation of multicellular organismal process	0.04805104683688169	0.0017269438882609254	2.228298593218142	25	80	1456	258	25/80	258/1456	APOA2;ARNT;ARRB2;CAMK4;CERS2;CTSK;F11R;FCER1G;FOXP1;GDF9;GLTPD2;IL13;IL33;IL4R;IL7R;IRF1;JAK2;LRRC32;NACA;NCMAP;SLC22A5;TLR1;TLR6;TSKU;TSLP	enrichment_domain_asthma_lower_airway_vs_global_AB3782
domain	atopic_allergic	GO_BP	GO:0140895	cell surface toll-like receptor signaling pathway	0.0017205001956451917	2.456167565258121e-6	103.2285244768079	4	31	1456	6	4/31	6/1456	NAGLU;TLR1;TLR6;TNIP3	enrichment_domain_atopic_allergic_vs_global_AB3782
domain	atopic_allergic	GO_BP	GO:0002752	cell surface pattern recognition receptor signaling pathway	0.0017205001956451917	5.6458122512204165e-6	68.93744007865145	4	31	1456	7	4/31	7/1456	NAGLU;TLR1;TLR6;TNIP3	enrichment_domain_atopic_allergic_vs_global_AB3782
domain	atopic_allergic	GO_BP	GO:0032493	response to bacterial lipoprotein	0.0017205001956451917	8.755726186489526e-6	Inf	3	31	1456	3	3/31	3/1456	TLR1;TLR10;TLR6	enrichment_domain_atopic_allergic_vs_global_AB3782
domain	atopic_allergic	GO_BP	GO:0070339	response to bacterial lipopeptide	0.0017205001956451917	8.755726186489526e-6	Inf	3	31	1456	3	3/31	3/1456	TLR1;TLR10;TLR6	enrichment_domain_atopic_allergic_vs_global_AB3782
domain	atopic_allergic	GO_BP	GO:0071220	cellular response to bacterial lipoprotein	0.0017205001956451917	8.755726186489526e-6	Inf	3	31	1456	3	3/31	3/1456	TLR1;TLR10;TLR6	enrichment_domain_atopic_allergic_vs_global_AB3782
domain	atopic_allergic	GO_BP	GO:0071221	cellular response to bacterial lipopeptide	0.0017205001956451917	8.755726186489526e-6	Inf	3	31	1456	3	3/31	3/1456	TLR1;TLR10;TLR6	enrichment_domain_atopic_allergic_vs_global_AB3782
domain	atopic_allergic	GO_BP	GO:0002221	pattern recognition receptor signaling pathway	0.002568431459049177	1.5249381012166446e-5	15.204796719631014	6	31	1456	28	6/31	28/1456	NAGLU;RNF7;TLR1;TLR10;TLR6;TNIP3	enrichment_domain_atopic_allergic_vs_global_AB3782
domain	atopic_allergic	GO_BP	GO:0002220	innate immune response activating cell surface receptor signaling pathway	0.0029069484523320047	1.9724841067562374e-5	41.456286852514964	4	31	1456	9	4/31	9/1456	NAGLU;TLR1;TLR6;TNIP3	enrichment_domain_atopic_allergic_vs_global_AB3782
domain	atopic_allergic	GO_BP	GO:0002758	innate immune response-activating signaling pathway	0.0030555573686230947	2.3324865409336602e-5	13.91902139125725	6	31	1456	30	6/31	30/1456	NAGLU;RNF7;TLR1;TLR10;TLR6;TNIP3	enrichment_domain_atopic_allergic_vs_global_AB3782
domain	atopic_allergic	GO_BP	GO:0002218	activation of innate immune response	0.0033592742330672306	2.8492571951376e-5	13.356089115029718	6	31	1456	31	6/31	31/1456	NAGLU;RNF7;TLR1;TLR10;TLR6;TNIP3	enrichment_domain_atopic_allergic_vs_global_AB3782
domain	atopic_allergic	GO_BP	GO:0071219	cellular response to molecule of bacterial origin	0.006779271807387684	6.395750462093047e-5	15.816369572746238	5	31	1456	22	5/31	22/1456	TLR1;TLR10;TLR6;TNFSF4;TNIP3	enrichment_domain_atopic_allergic_vs_global_AB3782
domain	atopic_allergic	GO_BP	GO:0002224	toll-like receptor signaling pathway	0.006779271807387684	7.4084701757877e-5	25.955565793911433	4	31	1456	12	4/31	12/1456	TLR1;TLR10;TLR6;TNIP3	enrichment_domain_atopic_allergic_vs_global_AB3782
domain	atopic_allergic	GO_BP	GO:0002757	immune response-activating signaling pathway	0.006779271807387684	7.590929593699426e-5	8.710021943964367	7	31	1456	53	7/31	53/1456	CD247;NAGLU;RNF7;TLR1;TLR10;TLR6;TNIP3	enrichment_domain_atopic_allergic_vs_global_AB3782
domain	atopic_allergic	GO_BP	GO:0071216	cellular response to biotic stimulus	0.006779271807387684	8.050025895116844e-5	14.933082006390574	5	31	1456	23	5/31	23/1456	TLR1;TLR10;TLR6;TNFSF4;TNIP3	enrichment_domain_atopic_allergic_vs_global_AB3782
domain	atopic_allergic	GO_BP	GO:0045089	positive regulation of innate immune response	0.007559894206071587	9.618186012813725e-5	10.39701421199933	6	31	1456	38	6/31	38/1456	NAGLU;RNF7;TLR1;TLR10;TLR6;TNIP3	enrichment_domain_atopic_allergic_vs_global_AB3782
domain	atopic_allergic	GO_BP	GO:0031349	positive regulation of defense response	0.007765801120386288	1.0923378070354519e-4	8.161405143537962	7	31	1456	56	7/31	56/1456	NAGLU;RNF7;TLR1;TLR10;TLR6;TNFSF4;TNIP3	enrichment_domain_atopic_allergic_vs_global_AB3782
domain	atopic_allergic	GO_BP	GO:0002237	response to molecule of bacterial origin	0.007765801120386288	1.1197507976808047e-4	10.076988228849268	6	31	1456	39	6/31	39/1456	NAGLU;TLR1;TLR10;TLR6;TNFSF4;TNIP3	enrichment_domain_atopic_allergic_vs_global_AB3782
domain	atopic_allergic	GO_BP	GO:0002253	activation of immune response	0.008036179671264637	1.226897659735059e-4	7.993153403362317	7	31	1456	57	7/31	57/1456	CD247;NAGLU;RNF7;TLR1;TLR10;TLR6;TNIP3	enrichment_domain_atopic_allergic_vs_global_AB3782
domain	atopic_allergic	GO_BP	GO:0002833	positive regulation of response to biotic stimulus	0.008817793957366218	1.497505772422679e-4	9.48897238171062	6	31	1456	41	6/31	41/1456	NAGLU;RNF7;TLR1;TLR10;TLR6;TNIP3	enrichment_domain_atopic_allergic_vs_global_AB3782
domain	atopic_allergic	GO_BP	GO:0002764	immune response-regulating signaling pathway	0.008817793957366218	1.5367433219525938e-4	7.676022553232529	7	31	1456	59	7/31	59/1456	CD247;NAGLU;RNF7;TLR1;TLR10;TLR6;TNIP3	enrichment_domain_atopic_allergic_vs_global_AB3782
domain	atopic_allergic	GO_BP	GO:0050776	regulation of immune response	0.008817793957366218	1.5756631373925066e-4	5.8457801248990275	9	31	1456	102	9/31	102/1456	CD247;IL7R;NAGLU;RNF7;TLR1;TLR10;TLR6;TNFSF4;TNIP3	enrichment_domain_atopic_allergic_vs_global_AB3782
domain	atopic_allergic	GO_BP	GO:0050778	positive regulation of immune response	0.008817793957366218	1.6453898817816523e-4	6.517725175862964	8	31	1456	80	8/31	80/1456	CD247;NAGLU;RNF7;TLR1;TLR10;TLR6;TNFSF4;TNIP3	enrichment_domain_atopic_allergic_vs_global_AB3782
domain	atopic_allergic	GO_BP	GO:0045088	regulation of innate immune response	0.008822140695241568	1.7210282950852932e-4	9.22101937469923	6	31	1456	42	6/31	42/1456	NAGLU;RNF7;TLR1;TLR10;TLR6;TNIP3	enrichment_domain_atopic_allergic_vs_global_AB3782
domain	atopic_allergic	GO_BP	GO:0009617	response to bacterium	0.009371156641066046	1.9076145834231138e-4	7.382296830844384	7	31	1456	61	7/31	61/1456	IL7R;NAGLU;TLR1;TLR10;TLR6;TNFSF4;TNIP3	enrichment_domain_atopic_allergic_vs_global_AB3782
domain	atopic_allergic	GO_BP	GO:0002682	regulation of immune system process	0.009535182221280181	2.021879181781209e-4	4.809426531676677	11	31	1456	157	11/31	157/1456	CAMK4;CD247;IL7R;LRRC32;NAGLU;RNF7;TLR1;TLR10;TLR6;TNFSF4;TNIP3	enrichment_domain_atopic_allergic_vs_global_AB3782
domain	atopic_allergic	GO_BP	GO:0048584	positive regulation of response to stimulus	0.012523985766880902	2.8323805830498286e-4	4.361781340382939	12	31	1456	192	12/31	192/1456	ANKRD6;CD247;CLEC16A;IL7R;INO80;NAGLU;RNF7;TLR1;TLR10;TLR6;TNFSF4;TNIP3	enrichment_domain_atopic_allergic_vs_global_AB3782
domain	atopic_allergic	GO_BP	GO:0032103	positive regulation of response to external stimulus	0.012523985766880902	2.868088343560512e-4	6.854069933832552	7	31	1456	65	7/31	65/1456	NAGLU;RNF7;TLR1;TLR10;TLR6;TNFSF4;TNIP3	enrichment_domain_atopic_allergic_vs_global_AB3782
domain	atopic_allergic	GO_BP	GO:0002684	positive regulation of immune system process	0.012854653987251153	3.0528440342920466e-4	5.2941627267086355	9	31	1456	111	9/31	111/1456	CD247;IL7R;NAGLU;RNF7;TLR1;TLR10;TLR6;TNFSF4;TNIP3	enrichment_domain_atopic_allergic_vs_global_AB3782
domain	atopic_allergic	GO_BP	GO:0002429	immune response-activating cell surface receptor signaling pathway	0.01709890970956181	4.2058386902230066e-4	9.910474123741993	5	31	1456	32	5/31	32/1456	CD247;NAGLU;TLR1;TLR6;TNIP3	enrichment_domain_atopic_allergic_vs_global_AB3782
domain	atopic_allergic	GO_BP	GO:0002831	regulation of response to biotic stimulus	0.018165123882688046	4.6221689268926327e-4	7.508120013745461	6	31	1456	50	6/31	50/1456	NAGLU;RNF7;TLR1;TLR10;TLR6;TNIP3	enrichment_domain_atopic_allergic_vs_global_AB3782
domain	atopic_allergic	GO_BP	GO:0006955	immune response	0.026318430930996575	6.920028489066105e-4	4.081779273161046	11	31	1456	180	11/31	180/1456	CAMK4;CD247;IL7R;NAGLU;RNF7;TLR1;TLR10;TLR6;TNFSF4;TNIP3;TSKU	enrichment_domain_atopic_allergic_vs_global_AB3782
domain	atopic_allergic	GO_BP	GO:0001774	microglial cell activation	0.033203405865675495	9.490166780976696e-4	21.48511641351486	3	31	1456	10	3/31	10/1456	NAGLU;TLR1;TLR6	enrichment_domain_atopic_allergic_vs_global_AB3782
domain	atopic_allergic	GO_BP	GO:0002269	leukocyte activation involved in inflammatory response	0.033203405865675495	9.490166780976696e-4	21.48511641351486	3	31	1456	10	3/31	10/1456	NAGLU;TLR1;TLR6	enrichment_domain_atopic_allergic_vs_global_AB3782
domain	atopic_allergic	GO_BP	GO:0002768	immune response-regulating cell surface receptor signaling pathway	0.033203405865675495	9.575197620296579e-4	8.081469281510888	5	31	1456	38	5/31	38/1456	CD247;NAGLU;TLR1;TLR6;TNIP3	enrichment_domain_atopic_allergic_vs_global_AB3782
domain	atopic_allergic	GO_BP	GO:0001775	cell activation	0.0340043667316905	0.001009459572187589	4.401124965455842	9	31	1456	130	9/31	130/1456	CAMK4;CD247;FAM114A1;IL7R;LRRC32;NAGLU;TLR1;TLR6;TNFSF4	enrichment_domain_atopic_allergic_vs_global_AB3782
domain	atopic_allergic	GO_BP	GO:0048583	regulation of response to stimulus	0.034622473866120315	0.001057174774538025	3.382126896679441	15	31	1456	324	15/31	324/1456	ANKRD6;CD247;CHAC1;CLEC16A;IL7R;INO80;LRRC32;NAGLU;RNF7;TLR1;TLR10;TLR6;TNFSF4;TNIP3;TSKU	enrichment_domain_atopic_allergic_vs_global_AB3782
domain	atopic_allergic	GO_BP	GO:0006954	inflammatory response	0.03718653290001101	0.0011670073938086578	4.70068968284154	8	31	1456	106	8/31	106/1456	CAMK4;FAM114A1;NAGLU;TLR1;TLR10;TLR6;TNFSF4;TNIP3	enrichment_domain_atopic_allergic_vs_global_AB3782
domain	atopic_allergic	GO_BP	GO:0032755	positive regulation of interleukin-6 production	0.0373677014737943	0.001286097207553145	18.8162788483767	3	31	1456	11	3/31	11/1456	TLR1;TLR6;TNFSF4	enrichment_domain_atopic_allergic_vs_global_AB3782
domain	atopic_allergic	GO_BP	GO:0061900	glial cell activation	0.0373677014737943	0.001286097207553145	18.8162788483767	3	31	1456	11	3/31	11/1456	NAGLU;TLR1;TLR6	enrichment_domain_atopic_allergic_vs_global_AB3782
domain	atopic_allergic	GO_BP	GO:0002756	MyD88-independent toll-like receptor signaling pathway	0.0373677014737943	0.0012994705347121002	96.22460142239184	2	31	1456	3	2/31	3/1456	TLR6;TNIP3	enrichment_domain_atopic_allergic_vs_global_AB3782
domain	atopic_allergic	GO_BP	GO:0009595	detection of biotic stimulus	0.0373677014737943	0.0012994705347121002	96.22460142239184	2	31	1456	3	2/31	3/1456	TLR1;TLR6	enrichment_domain_atopic_allergic_vs_global_AB3782
domain	atopic_allergic	Reactome	R-HSA-5260271	Homo sapiens: Diseases of Immune System	0.0021055201482236287	3.4516723741370965e-5	148.28980890064705	3	31	1456	4	3/31	4/1456	TLR1;TLR10;TLR6	enrichment_domain_atopic_allergic_vs_global_AB3782
domain	atopic_allergic	Reactome	R-HSA-5602358	Homo sapiens: Diseases associated with the TLR signaling cascade	0.0021055201482236287	3.4516723741370965e-5	148.28980890064705	3	31	1456	4	3/31	4/1456	TLR1;TLR10;TLR6	enrichment_domain_atopic_allergic_vs_global_AB3782
domain	atopic_allergic	Reactome	R-HSA-156580	Homo sapiens: Phase II - Conjugation of compounds	0.011757769671122159	2.891254837161187e-4	37.53212367102486	3	31	1456	7	3/31	7/1456	CHAC1;UGT3A1;UGT3A2	enrichment_domain_atopic_allergic_vs_global_AB3782
domain	atopic_allergic	Reactome	R-HSA-156588	Homo sapiens: Glucuronidation	0.03170708104697524	0.0012994705347121002	96.22460142239184	2	31	1456	3	2/31	3/1456	UGT3A1;UGT3A2	enrichment_domain_atopic_allergic_vs_global_AB3782
domain	atopic_allergic	Reactome	R-HSA-196071	Homo sapiens: Metabolism of steroid hormones	0.03170708104697524	0.0012994705347121002	96.22460142239184	2	31	1456	3	2/31	3/1456	HSD17B1;STARD4	enrichment_domain_atopic_allergic_vs_global_AB3782
global_primary	global	GO_BP	GO:0002224	toll-like receptor signaling pathway	7.287074908443681e-5	2.9371523210172032e-8	34.774953308170666	9	123	1456	12	9/123	12/1456	ARRB2;CD274;CTSS;IRF1;IRF4;TLR1;TLR10;TLR6;TNIP3	enrichment_global_primary_123_vs_AB3782
global_primary	global	GO_BP	GO:0050778	positive regulation of immune response	0.0041230330474873594	3.632865198096686e-6	4.113364790529776	20	123	1456	80	20/123	80/1456	ARRB2;CD247;CD274;CTSS;FCER1G;FOXP1;IL33;IL4R;IRF1;IRF4;JAK2;NAGLU;PLD2;RNF7;STX4;TLR1;TLR10;TLR6;TNFSF4;TNIP3	enrichment_global_primary_123_vs_AB3782
global_primary	global	GO_BP	GO:0002221	pattern recognition receptor signaling pathway	0.0041230330474873594	6.28272332548902e-6	7.581224636233916	11	123	1456	28	11/123	28/1456	ARRB2;CD274;CTSS;IRF1;IRF4;NAGLU;RNF7;TLR1;TLR10;TLR6;TNIP3	enrichment_global_primary_123_vs_AB3782
global_primary	global	GO_BP	GO:0002757	immune response-activating signaling pathway	0.0041230330474873594	1.3570519131197514e-5	4.724376032593575	15	123	1456	53	15/123	53/1456	ARRB2;CD247;CD274;CTSS;FCER1G;FOXP1;IRF1;IRF4;NAGLU;PLD2;RNF7;TLR1;TLR10;TLR6;TNIP3	enrichment_global_primary_123_vs_AB3782
global_primary	global	GO_BP	GO:0002274	myeloid leukocyte activation	0.0041230330474873594	1.3688318636747768e-5	5.496990650001263	13	123	1456	41	13/123	41/1456	CAMK4;FCER1G;FOXP1;IL13;IL33;IL4R;IRF4;JAK2;NAGLU;STX4;TLR1;TLR6;TSLP	enrichment_global_primary_123_vs_AB3782
global_primary	global	GO_BP	GO:0002758	innate immune response-activating signaling pathway	0.0041230330474873594	1.379041995166657e-5	6.774547590066602	11	123	1456	30	11/123	30/1456	ARRB2;CD274;CTSS;IRF1;IRF4;NAGLU;RNF7;TLR1;TLR10;TLR6;TNIP3	enrichment_global_primary_123_vs_AB3782
global_primary	global	GO_BP	GO:0048584	positive regulation of response to stimulus	0.0041230330474873594	1.67437017454304e-5	2.7048813409475962	33	123	1456	192	33/123	192/1456	ANKRD6;ARNT;ARRB2;BCL7C;CD247;CD274;CLEC16A;CTSS;F11R;FCER1G;FOXP1;HINT1;IL33;IL4R;IL7R;INO80;IRF1;IRF4;JAK2;NAGLU;PLD2;RAD50;RNF7;STX1B;STX4;TBX1;TLR1;TLR10;TLR6;TNFSF4;TNIP3;TSLP;VPS72	enrichment_global_primary_123_vs_AB3782
global_primary	global	GO_BP	GO:0002684	positive regulation of immune system process	0.0041230330474873594	1.971047603351788e-5	3.250073994644923	23	123	1456	111	23/123	111/1456	ARRB2;CD247;CD274;CTSS;FCER1G;FOXP1;IL13;IL33;IL4R;IL7R;IRF1;IRF4;JAK2;NAGLU;PLD2;RNF7;STX4;TLR1;TLR10;TLR6;TNFSF4;TNIP3;TSLP	enrichment_global_primary_123_vs_AB3782
global_primary	global	GO_BP	GO:0002218	activation of innate immune response	0.0041230330474873594	1.985541374215319e-5	6.4326575653979186	11	123	1456	31	11/123	31/1456	ARRB2;CD274;CTSS;IRF1;IRF4;NAGLU;RNF7;TLR1;TLR10;TLR6;TNIP3	enrichment_global_primary_123_vs_AB3782
global_primary	global	GO_BP	GO:0001816	cytokine production	0.0041230330474873594	1.9940829875501243e-5	3.448716966704172	21	123	1456	96	21/123	96/1456	APOA2;ARNT;ARRB2;CD274;F11R;FCER1G;FOXP1;GLTPD2;IL13;IL33;IL4R;IRF1;IRF4;JAK2;KAT8;LRRC32;TLR1;TLR6;TNFSF4;TSKU;TSLP	enrichment_global_primary_123_vs_AB3782
global_primary	global	GO_BP	GO:0001817	regulation of cytokine production	0.0041230330474873594	1.9940829875501243e-5	3.448716966704172	21	123	1456	96	21/123	96/1456	APOA2;ARNT;ARRB2;CD274;F11R;FCER1G;FOXP1;GLTPD2;IL13;IL33;IL4R;IRF1;IRF4;JAK2;KAT8;LRRC32;TLR1;TLR6;TNFSF4;TSKU;TSLP	enrichment_global_primary_123_vs_AB3782
global_primary	global	GO_BP	GO:0009617	response to bacterium	0.0041230330474873594	1.9942118730289526e-5	4.272900376908835	16	123	1456	61	16/123	61/1456	CD274;FCER1G;FOXP1;IL13;IL33;IL7R;JAK2;NAGLU;SLC22A4;SLC22A5;TLR1;TLR10;TLR6;TNFSF4;TNIP3;TSLP	enrichment_global_primary_123_vs_AB3782
global_primary	global	GO_BP	GO:0031349	positive regulation of defense response	0.005398476432716218	2.8287059099278855e-5	4.369243663917033	15	123	1456	56	15/123	56/1456	ARRB2;CD274;CTSS;FCER1G;IL33;IRF1;IRF4;NAGLU;RNF7;TLR1;TLR10;TLR6;TNFSF4;TNIP3;TSLP	enrichment_global_primary_123_vs_AB3782
global_primary	global	GO_BP	GO:0002253	activation of immune response	0.005752829259340733	3.566026497095572e-5	4.262145326154428	15	123	1456	57	15/123	57/1456	ARRB2;CD247;CD274;CTSS;FCER1G;FOXP1;IRF1;IRF4;NAGLU;PLD2;RNF7;TLR1;TLR10;TLR6;TNIP3	enrichment_global_primary_123_vs_AB3782
global_primary	global	GO_BP	GO:0006325	chromatin organization	0.005752829259340733	3.851531338767401e-5	3.9971342936330734	16	123	1456	64	16/123	64/1456	BCL7C;FBXL19;INO80;IRF4;JAK2;KAT8;KDM8;NCOA1;NSMCE1;RAD50;RNF40;SETD1A;SETDB1;SRCAP;UHRF2;VPS72	enrichment_global_primary_123_vs_AB3782
global_primary	global	GO_BP	GO:0006338	chromatin remodeling	0.005752829259340733	3.962265712412066e-5	4.490942487275237	14	123	1456	51	14/123	51/1456	BCL7C;FBXL19;INO80;IRF4;JAK2;KAT8;KDM8;NCOA1;RAD50;SETD1A;SETDB1;SRCAP;UHRF2;VPS72	enrichment_global_primary_123_vs_AB3782
global_primary	global	GO_BP	GO:0043207	response to external biotic stimulus	0.005752829259340733	4.2460833869722414e-5	2.9197830535023073	25	123	1456	132	25/123	132/1456	ARRB2;CD274;CIITA;CTSS;EXT1;FCER1G;FOXP1;IL13;IL33;IL4R;IL7R;IRF1;IRF4;JAK2;NAGLU;RNF7;SLC22A4;SLC22A5;STX4;TLR1;TLR10;TLR6;TNFSF4;TNIP3;TSLP	enrichment_global_primary_123_vs_AB3782
global_primary	global	GO_BP	GO:0051707	response to other organism	0.005752829259340733	4.2460833869722414e-5	2.9197830535023073	25	123	1456	132	25/123	132/1456	ARRB2;CD274;CIITA;CTSS;EXT1;FCER1G;FOXP1;IL13;IL33;IL4R;IL7R;IRF1;IRF4;JAK2;NAGLU;RNF7;SLC22A4;SLC22A5;STX4;TLR1;TLR10;TLR6;TNFSF4;TNIP3;TSLP	enrichment_global_primary_123_vs_AB3782
global_primary	global	GO_BP	GO:0032103	positive regulation of response to external stimulus	0.005752829259340733	4.7462442319963236e-5	3.9127192200252625	16	123	1456	65	16/123	65/1456	ARRB2;CD274;CTSS;FCER1G;IL33;IRF1;IRF4;NAGLU;RNF7;STX4;TLR1;TLR10;TLR6;TNFSF4;TNIP3;TSLP	enrichment_global_primary_123_vs_AB3782
global_primary	global	GO_BP	GO:0009607	response to biotic stimulus	0.005752829259340733	4.864542185398299e-5	2.8904596689970607	25	123	1456	133	25/123	133/1456	ARRB2;CD274;CIITA;CTSS;EXT1;FCER1G;FOXP1;IL13;IL33;IL4R;IL7R;IRF1;IRF4;JAK2;NAGLU;RNF7;SLC22A4;SLC22A5;STX4;TLR1;TLR10;TLR6;TNFSF4;TNIP3;TSLP	enrichment_global_primary_123_vs_AB3782
global_primary	global	GO_BP	GO:0001774	microglial cell activation	0.005752829259340733	5.117693663829624e-5	16.957537641009516	6	123	1456	10	6/123	10/1456	IL13;IL33;JAK2;NAGLU;TLR1;TLR6	enrichment_global_primary_123_vs_AB3782
global_primary	global	GO_BP	GO:0002269	leukocyte activation involved in inflammatory response	0.005752829259340733	5.117693663829624e-5	16.957537641009516	6	123	1456	10	6/123	10/1456	IL13;IL33;JAK2;NAGLU;TLR1;TLR6	enrichment_global_primary_123_vs_AB3782
global_primary	global	GO_BP	GO:0050776	regulation of immune response	0.005752829259340733	5.34128215993917e-5	3.1785357295738317	21	123	1456	102	21/123	102/1456	ARRB2;CD247;CD274;CTSS;FCER1G;FOXP1;IL33;IL4R;IL7R;IRF1;IRF4;JAK2;NAGLU;PLD2;RNF7;STX4;TLR1;TLR10;TLR6;TNFSF4;TNIP3	enrichment_global_primary_123_vs_AB3782
global_primary	global	GO_BP	GO:0002764	immune response-regulating signaling pathway	0.005752829259340733	5.5650101662304555e-5	4.062562546132991	15	123	1456	59	15/123	59/1456	ARRB2;CD247;CD274;CTSS;FCER1G;FOXP1;IRF1;IRF4;NAGLU;PLD2;RNF7;TLR1;TLR10;TLR6;TNIP3	enrichment_global_primary_123_vs_AB3782
global_primary	global	GO_BP	GO:0001819	positive regulation of cytokine production	0.007048401489993031	7.102379574761216e-5	3.7529590767646814	16	123	1456	67	16/123	67/1456	APOA2;ARNT;CD274;FCER1G;FOXP1;IL13;IL33;IL4R;IRF1;IRF4;JAK2;KAT8;TLR1;TLR6;TNFSF4;TSLP	enrichment_global_primary_123_vs_AB3782
global_primary	global	GO_BP	GO:0031347	regulation of defense response	0.008471123826060054	8.877437302602233e-5	3.2433431856831483	19	123	1456	90	19/123	90/1456	ARNT;ARRB2;CD274;CTSS;FCER1G;FOXP1;IL13;IL33;IRF1;IRF4;JAK2;NAGLU;RNF7;TLR1;TLR10;TLR6;TNFSF4;TNIP3;TSLP	enrichment_global_primary_123_vs_AB3782
global_primary	global	GO_BP	GO:0032755	positive regulation of interleukin-6 production	0.009288964888161569	1.0483313860077546e-4	13.563273044382436	6	123	1456	11	6/123	11/1456	FCER1G;IL33;TLR1;TLR6;TNFSF4;TSLP	enrichment_global_primary_123_vs_AB3782
global_primary	global	GO_BP	GO:0061900	glial cell activation	0.009288964888161569	1.0483313860077546e-4	13.563273044382436	6	123	1456	11	6/123	11/1456	IL13;IL33;JAK2;NAGLU;TLR1;TLR6	enrichment_global_primary_123_vs_AB3782
global_primary	global	GO_BP	GO:0002376	immune system process	0.009417518538121648	1.1007982168703256e-4	2.3288133412660628	36	123	1456	237	36/123	237/1456	APOA2;ARNT;ARRB2;CAMK4;CD247;CD274;CIITA;CTSS;EXT1;F11R;FCER1G;FOXP1;HSD3B7;IL13;IL21R;IL33;IL4R;IL7R;IRF1;IRF4;ITGA7;JAK2;LRRC32;NAGLU;PLD2;RNF7;SLC22A5;STX4;TBX1;TLR1;TLR10;TLR6;TNFSF4;TNIP3;TSKU;TSLP	enrichment_global_primary_123_vs_AB3782
global_primary	global	GO_BP	GO:0002682	regulation of immune system process	0.009973019985747742	1.205927446886063e-4	2.6003512794638035	27	123	1456	157	27/123	157/1456	APOA2;ARNT;ARRB2;CAMK4;CD247;CD274;CTSS;FCER1G;FOXP1;IL13;IL33;IL4R;IL7R;IRF1;IRF4;JAK2;LRRC32;NAGLU;PLD2;RNF7;STX4;TLR1;TLR10;TLR6;TNFSF4;TNIP3;TSLP	enrichment_global_primary_123_vs_AB3782
global_primary	global	GO_BP	GO:0044419	biological process involved in interspecies interaction between organisms	0.011577388457443319	1.4465902546583753e-4	2.6110774237291974	26	123	1456	150	26/123	150/1456	ARRB2;CD274;CIITA;CTSS;EXT1;F11R;FCER1G;FOXP1;IL13;IL33;IL4R;IL7R;IRF1;IRF4;JAK2;NAGLU;RNF7;SLC22A4;SLC22A5;STX4;TLR1;TLR10;TLR6;TNFSF4;TNIP3;TSLP	enrichment_global_primary_123_vs_AB3782
global_primary	global	GO_BP	GO:0098542	defense response to other organism	0.012594935681148804	1.6601931751504155e-4	3.060893095284075	19	123	1456	94	19/123	94/1456	ARRB2;CD274;CIITA;CTSS;FCER1G;IL33;IL4R;IRF1;IRF4;JAK2;NAGLU;RNF7;SLC22A5;STX4;TLR1;TLR10;TLR6;TNIP3;TSLP	enrichment_global_primary_123_vs_AB3782
global_primary	global	GO_BP	GO:0045089	positive regulation of innate immune response	0.012594935681148804	1.684084483367784e-4	4.741674623750589	11	123	1456	38	11/123	38/1456	ARRB2;CD274;CTSS;IRF1;IRF4;NAGLU;RNF7;TLR1;TLR10;TLR6;TNIP3	enrichment_global_primary_123_vs_AB3782
global_primary	global	GO_BP	GO:0032101	regulation of response to external stimulus	0.012594935681148804	1.7260290735955636e-4	2.8746200603027314	21	123	1456	110	21/123	110/1456	ARNT;ARRB2;CD274;CERS2;CTSS;FCER1G;FOXP1;IL13;IL33;IRF1;IRF4;JAK2;NAGLU;RNF7;STX4;TLR1;TLR10;TLR6;TNFSF4;TNIP3;TSLP	enrichment_global_primary_123_vs_AB3782
global_primary	global	GO_BP	GO:0032733	positive regulation of interleukin-10 production	0.013839582223604402	1.95237959623601e-4	11.299240539829524	6	123	1456	12	6/123	12/1456	CD274;FCER1G;IL13;IRF4;TNFSF4;TSLP	enrichment_global_primary_123_vs_AB3782
global_primary	global	GO_BP	GO:0002237	response to molecule of bacterial origin	0.014713881495535293	2.179013429896282e-4	4.569172879653921	11	123	1456	39	11/123	39/1456	CD274;FOXP1;IL13;JAK2;NAGLU;SLC22A4;TLR1;TLR10;TLR6;TNFSF4;TNIP3	enrichment_global_primary_123_vs_AB3782
global_primary	global	GO_BP	GO:0006955	immune response	0.014713881495535293	2.1943313798259003e-4	2.4130167402540823	29	123	1456	180	29/123	180/1456	APOA2;ARRB2;CAMK4;CD247;CD274;CIITA;CTSS;EXT1;FCER1G;FOXP1;IL13;IL33;IL4R;IL7R;IRF1;IRF4;JAK2;NAGLU;PLD2;RNF7;SLC22A5;STX4;TLR1;TLR10;TLR6;TNFSF4;TNIP3;TSKU;TSLP	enrichment_global_primary_123_vs_AB3782
global_primary	global	GO_BP	GO:0043302	positive regulation of leukocyte degranulation	0.014728343407201966	2.2745547353496184e-4	44.529755673457075	4	123	1456	5	4/123	5/1456	FCER1G;IL13;IL4R;STX4	enrichment_global_primary_123_vs_AB3782
global_primary	global	GO_BP	GO:0080134	regulation of response to stress	0.014728343407201966	2.315217222413852e-4	2.614973431697145	24	123	1456	137	24/123	137/1456	ARNT;ARRB2;BCL7C;CD274;CERS2;CTSS;FCER1G;FOXP1;IL13;IL33;INO80;IRF1;IRF4;JAK2;NAGLU;RAD50;RNF7;TLR1;TLR10;TLR6;TNFSF4;TNIP3;TSLP;VPS72	enrichment_global_primary_123_vs_AB3782
global_primary	global	GO_BP	GO:0006952	defense response	0.016584342062994695	2.673815729624296e-4	2.4128321417374923	28	123	1456	173	28/123	173/1456	ARNT;ARRB2;CAMK4;CD274;CIITA;CTSS;EXT1;F11R;FAM114A1;FCER1G;FOXP1;IL13;IL33;IL4R;IL7R;IRF1;IRF4;JAK2;NAGLU;RNF7;SLC22A5;STX4;TLR1;TLR10;TLR6;TNFSF4;TNIP3;TSLP	enrichment_global_primary_123_vs_AB3782
global_primary	global	GO_BP	GO:0140546	defense response to symbiont	0.017560766888798936	2.9020211303537136e-4	2.999223807564358	18	123	1456	90	18/123	90/1456	ARRB2;CD274;CIITA;CTSS;FCER1G;IL33;IRF1;IRF4;JAK2;NAGLU;RNF7;SLC22A5;STX4;TLR1;TLR10;TLR6;TNIP3;TSLP	enrichment_global_primary_123_vs_AB3782
global_primary	global	GO_BP	GO:0045087	innate immune response	0.01893715757683248	3.2221762757302146e-4	3.07522931525832	17	123	1456	83	17/123	83/1456	ARRB2;CD274;CIITA;CTSS;FCER1G;IL33;IRF1;IRF4;JAK2;NAGLU;RNF7;SLC22A5;STX4;TLR1;TLR10;TLR6;TNIP3	enrichment_global_primary_123_vs_AB3782
global_primary	global	GO_BP	GO:0009058	biosynthetic process	0.01893715757683248	3.282135331736383e-4	1.938241244444257	68	123	1456	587	68/123	587/1456	ACSL6;AFF4;APOA2;ARNT;ARRB2;BCKDK;BCL7C;CAMK4;CD274;CERS2;CHAC1;CIITA;COASY;CTSS;EIF2D;EXD1;EXT1;F11R;FAM114A1;FBXL19;FCER1G;FOXP1;GLTPD2;HINT1;HSD17B1;HSD3B7;HSPA4;ICE2;IL13;IL33;IL4R;IL7R;INO80;IRF1;IRF4;JAK2;KAT8;KDM8;LRRC32;MLLT11;NACA;NAGLU;NCOA1;PLD2;PRIM1;RAD50;RBMS2;RNF40;RNF7;SETDB1;SRCAP;STARD4;STX1B;STX4;TBX1;TLR1;TLR6;TNFSF4;TNIP3;TSKU;TSLP;UHRF2;VPS72;WDR36;ZMYND15;ZNF646;ZNF668;ZNF764	enrichment_global_primary_123_vs_AB3782
global_primary	global	GO_BP	GO:0002833	positive regulation of response to biotic stimulus	0.019987084777065494	3.544666385291744e-4	4.25868671008194	11	123	1456	41	11/123	41/1456	ARRB2;CD274;CTSS;IRF1;IRF4;NAGLU;RNF7;TLR1;TLR10;TLR6;TNIP3	enrichment_global_primary_123_vs_AB3782
global_primary	global	GO_BP	GO:0001818	negative regulation of cytokine production	0.021442664860998696	3.8892378828897273e-4	3.889314453502478	12	123	1456	48	12/123	48/1456	APOA2;ARRB2;CD274;GLTPD2;IL13;IL33;JAK2;KAT8;LRRC32;TLR6;TNFSF4;TSKU	enrichment_global_primary_123_vs_AB3782
global_primary	global	GO_BP	GO:0045088	regulation of innate immune response	0.024062124455766158	4.461337061528591e-4	4.11847852601509	11	123	1456	42	11/123	42/1456	ARRB2;CD274;CTSS;IRF1;IRF4;NAGLU;RNF7;TLR1;TLR10;TLR6;TNIP3	enrichment_global_primary_123_vs_AB3782
global_primary	global	GO_BP	GO:0042116	macrophage activation	0.024374574972312817	4.7952726775503645e-4	5.713022389606871	8	123	1456	24	8/123	24/1456	FOXP1;IL13;IL33;IL4R;JAK2;NAGLU;TLR1;TLR6	enrichment_global_primary_123_vs_AB3782
global_primary	global	GO_BP	GO:0051716	cellular response to stimulus	0.024374574972312817	4.936970094443653e-4	1.8976655399373759	66	123	1456	571	66/123	571/1456	AFF4;ANKRD6;APOA2;ARNT;ARRB2;BCL7C;CAMK4;CD247;CD274;CDC42SE2;CERS2;CHAC1;CIITA;CLEC16A;CTF1;CTSS;EXT1;F11R;FAM114A1;FCER1G;FOXP1;GDF9;GNB1L;HINT1;HORMAD1;HSD17B1;HSD3B7;IL13;IL21R;IL33;IL4R;IL7R;INO80;INSL6;IRF1;IRF4;ITGA7;JAK2;KDM8;LMBRD2;LRRC32;MLLT11;NAGLU;NCOA1;NREP;NSMCE1;PLD2;RAD50;RAPGEF6;RNF7;SETD1A;STX1B;STX4;TBX1;TLR1;TLR10;TLR6;TNFSF4;TNIP3;TSKU;TSLP;UGT3A2;VKORC1;VPS72;ZNF668;ZNF764	enrichment_global_primary_123_vs_AB3782
global_primary	global	GO_BP	GO:0048583	regulation of response to stimulus	0.024374574972312817	5.142889957133539e-4	2.011208195382963	43	123	1456	324	43/123	324/1456	ANKRD6;ARNT;ARRB2;BCL7C;CD247;CD274;CDC42SE2;CERS2;CHAC1;CLEC16A;CTSS;EXT1;F11R;FCER1G;FOXP1;HINT1;IL13;IL33;IL4R;IL7R;INO80;IRF1;IRF4;JAK2;KDM8;LRRC32;NAGLU;NCOA1;NREP;PLD2;RAD50;RNF7;STX1B;STX4;TBX1;TLR1;TLR10;TLR6;TNFSF4;TNIP3;TSKU;TSLP;VPS72	enrichment_global_primary_123_vs_AB3782
global_primary	global	GO_BP	GO:0150076	neuroinflammatory response	0.024374574972312817	5.503318312946867e-4	8.467064860059855	6	123	1456	14	6/123	14/1456	IL13;IL33;JAK2;NAGLU;TLR1;TLR6	enrichment_global_primary_123_vs_AB3782
global_primary	global	GO_BP	GO:0032635	interleukin-6 production	0.024374574972312817	5.536698671996214e-4	6.6265989246058465	7	123	1456	19	7/123	19/1456	ARRB2;FCER1G;IL33;TLR1;TLR6;TNFSF4;TSLP	enrichment_global_primary_123_vs_AB3782
global_primary	global	GO_BP	GO:0032675	regulation of interleukin-6 production	0.024374574972312817	5.536698671996214e-4	6.6265989246058465	7	123	1456	19	7/123	19/1456	ARRB2;FCER1G;IL33;TLR1;TLR6;TNFSF4;TSLP	enrichment_global_primary_123_vs_AB3782
global_primary	global	GO_BP	GO:0002831	regulation of response to biotic stimulus	0.024374574972312817	5.847043820473684e-4	3.6786511212215625	12	123	1456	50	12/123	50/1456	ARRB2;CD274;CTSS;FOXP1;IRF1;IRF4;NAGLU;RNF7;TLR1;TLR10;TLR6;TNIP3	enrichment_global_primary_123_vs_AB3782
global_primary	global	GO_BP	GO:0051240	positive regulation of multicellular organismal process	0.024374574972312817	5.856592689170626e-4	2.3789958662448516	25	123	1456	154	25/123	154/1456	APOA2;ARNT;ARRB2;BCL7C;CD274;FCER1G;FOXP1;IL13;IL33;IL4R;IL7R;IRF1;IRF4;JAK2;KAT8;NACA;NCMAP;NCOA1;SLC22A5;TLR1;TLR6;TNFSF4;TSKU;TSLP;VKORC1	enrichment_global_primary_123_vs_AB3782
global_primary	global	GO_BP	GO:0002756	MyD88-independent toll-like receptor signaling pathway	0.024374574972312817	5.894697695843486e-4	Inf	3	123	1456	3	3/123	3/1456	CD274;TLR6;TNIP3	enrichment_global_primary_123_vs_AB3782
global_primary	global	GO_BP	GO:0032493	response to bacterial lipoprotein	0.024374574972312817	5.894697695843486e-4	Inf	3	123	1456	3	3/123	3/1456	TLR1;TLR10;TLR6	enrichment_global_primary_123_vs_AB3782
global_primary	global	GO_BP	GO:0043306	positive regulation of mast cell degranulation	0.024374574972312817	5.894697695843486e-4	Inf	3	123	1456	3	3/123	3/1456	FCER1G;IL13;IL4R	enrichment_global_primary_123_vs_AB3782
global_primary	global	GO_BP	GO:0070339	response to bacterial lipopeptide	0.024374574972312817	5.894697695843486e-4	Inf	3	123	1456	3	3/123	3/1456	TLR1;TLR10;TLR6	enrichment_global_primary_123_vs_AB3782
global_primary	global	GO_BP	GO:0071220	cellular response to bacterial lipoprotein	0.024374574972312817	5.894697695843486e-4	Inf	3	123	1456	3	3/123	3/1456	TLR1;TLR10;TLR6	enrichment_global_primary_123_vs_AB3782
global_primary	global	GO_BP	GO:0071221	cellular response to bacterial lipopeptide	0.024374574972312817	5.894697695843486e-4	Inf	3	123	1456	3	3/123	3/1456	TLR1;TLR10;TLR6	enrichment_global_primary_123_vs_AB3782
global_primary	global	GO_BP	GO:0071346	cellular response to type II interferon	0.025519597936983215	6.377327981027648e-4	22.26246926583505	4	123	1456	6	4/123	6/1456	CIITA;IRF1;JAK2;STX4	enrichment_global_primary_123_vs_AB3782
global_primary	global	GO_BP	GO:0140895	cell surface toll-like receptor signaling pathway	0.025519597936983215	6.377327981027648e-4	22.26246926583505	4	123	1456	6	4/123	6/1456	NAGLU;TLR1;TLR6;TNIP3	enrichment_global_primary_123_vs_AB3782
global_primary	global	GO_BP	GO:0009059	macromolecule biosynthetic process	0.02653791912168771	6.807365384828205e-4	1.8742681788667426	60	123	1456	509	60/123	509/1456	AFF4;APOA2;ARNT;ARRB2;BCL7C;CAMK4;CD274;CHAC1;CIITA;CTSS;EIF2D;EXD1;EXT1;F11R;FAM114A1;FBXL19;FCER1G;FOXP1;GLTPD2;HINT1;HSD17B1;HSPA4;ICE2;IL13;IL33;IL4R;IL7R;INO80;IRF1;IRF4;JAK2;KAT8;KDM8;LRRC32;MLLT11;NACA;NAGLU;NCOA1;PRIM1;RAD50;RBMS2;RNF40;SETDB1;SRCAP;STX1B;STX4;TBX1;TLR1;TLR6;TNFSF4;TNIP3;TSKU;TSLP;UHRF2;VPS72;WDR36;ZMYND15;ZNF646;ZNF668;ZNF764	enrichment_global_primary_123_vs_AB3782
global_primary	global	GO_BP	GO:0010467	gene expression	0.02653791912168771	6.845734880241892e-4	1.8794870163875352	58	123	1456	487	58/123	487/1456	AFF4;APOA2;ARNT;ARRB2;BCL7C;CAMK4;CD274;CHAC1;CIITA;CTSS;EIF2D;EXD1;EXT1;F11R;FAM114A1;FBXL19;FCER1G;FOXP1;GLTPD2;HINT1;HSD17B1;HSPA4;ICE2;IL13;IL33;IL4R;IL7R;INO80;IRF1;IRF4;JAK2;KAT8;KDM8;LRRC32;MLLT11;NACA;NAGLU;NCOA1;RBMS2;RNF40;SETDB1;SRCAP;STX1B;STX4;TBX1;TLR1;TLR6;TNFSF4;TNIP3;TSKU;TSLP;UHRF2;VPS72;WDR36;ZMYND15;ZNF646;ZNF668;ZNF764	enrichment_global_primary_123_vs_AB3782
global_primary	global	GO_BP	GO:0061061	muscle structure development	0.026640405395223395	6.983470720254984e-4	3.37820739001775	13	123	1456	58	13/123	58/1456	ARRB2;CTF1;FOXP1;HSD17B1;IL4R;ITGA7;KAT8;NACA;NAGLU;PDLIM4;PRR14;TBX1;TMOD4	enrichment_global_primary_123_vs_AB3782
global_primary	global	GO_BP	GO:0034341	response to type II interferon	0.026640405395223395	7.086927674666441e-4	11.212138457008793	5	123	1456	10	5/123	10/1456	CIITA;IRF1;JAK2;SLC22A5;STX4	enrichment_global_primary_123_vs_AB3782
global_primary	global	GO_BP	GO:0001775	cell activation	0.02716904582222189	7.337065981817278e-4	2.4686038851366585	22	123	1456	130	22/123	130/1456	CAMK4;CD247;CD274;F11R;FAM114A1;FCER1G;FOXP1;IL13;IL21R;IL33;IL4R;IL7R;IRF1;IRF4;JAK2;LRRC32;NAGLU;STX4;TLR1;TLR6;TNFSF4;TSLP	enrichment_global_primary_123_vs_AB3782
global_primary	global	GO_BP	GO:0006950	response to stress	0.027338183188040967	7.59647001291694e-4	1.943575903736833	45	123	1456	350	45/123	350/1456	AFF4;ARNT;ARRB2;BCL7C;CAMK4;CD274;CERS2;CHAC1;CIITA;CLEC16A;CTSS;EXT1;F11R;FAM114A1;FCER1G;FOXP1;GNB1L;HSPA4;IL13;IL33;IL4R;IL7R;INO80;IRF1;IRF4;JAK2;NACA;NAGLU;NREP;NSMCE1;RAD50;RNF7;SETD1A;SLC22A5;STX4;TLR1;TLR10;TLR6;TNFSF4;TNIP3;TSKU;TSLP;VKORC1;VPS72;ZNF668	enrichment_global_primary_123_vs_AB3782
global_primary	global	GO_BP	GO:0010557	positive regulation of macromolecule biosynthetic process	0.027338183188040967	7.603122289297971e-4	2.127146209236903	32	123	1456	221	32/123	221/1456	APOA2;ARNT;ARRB2;CAMK4;CD274;CIITA;FCER1G;FOXP1;ICE2;IL13;IL33;IL4R;IL7R;INO80;IRF1;IRF4;JAK2;KAT8;KDM8;LRRC32;MLLT11;NACA;NCOA1;RNF40;SRCAP;STX4;TBX1;TLR1;TLR6;TNFSF4;TSLP;VPS72	enrichment_global_primary_123_vs_AB3782
global_primary	global	GO_BP	GO:0010628	positive regulation of gene expression	0.02760452822632257	7.788460200897138e-4	2.509205260465058	21	123	1456	122	21/123	122/1456	APOA2;ARNT;ARRB2;CD274;FCER1G;FOXP1;IL13;IL33;IL4R;IL7R;IRF1;IRF4;JAK2;KAT8;LRRC32;STX4;TLR1;TLR6;TNFSF4;TSLP;VPS72	enrichment_global_primary_123_vs_AB3782
global_primary	global	GO_BP	GO:0032613	interleukin-10 production	0.02915544064494742	8.543119839919547e-4	7.5225420257494875	6	123	1456	15	6/123	15/1456	CD274;FCER1G;IL13;IRF4;TNFSF4;TSLP	enrichment_global_primary_123_vs_AB3782
global_primary	global	GO_BP	GO:0032653	regulation of interleukin-10 production	0.02915544064494742	8.543119839919547e-4	7.5225420257494875	6	123	1456	15	6/123	15/1456	CD274;FCER1G;IL13;IRF4;TNFSF4;TSLP	enrichment_global_primary_123_vs_AB3782
global_primary	global	GO_BP	GO:0009891	positive regulation of biosynthetic process	0.02915544064494742	8.578585921326729e-4	2.08817442413637	33	123	1456	232	33/123	232/1456	APOA2;ARNT;ARRB2;CAMK4;CD274;CIITA;FCER1G;FOXP1;ICE2;IL13;IL33;IL4R;IL7R;INO80;IRF1;IRF4;JAK2;KAT8;KDM8;LRRC32;MLLT11;NACA;NCOA1;RNF40;SRCAP;STARD4;STX4;TBX1;TLR1;TLR6;TNFSF4;TSLP;VPS72	enrichment_global_primary_123_vs_AB3782
global_primary	global	GO_BP	GO:0010468	regulation of gene expression	0.031439157910396365	9.377257901528945e-4	1.8880522555343462	49	123	1456	395	49/123	395/1456	AFF4;APOA2;ARNT;ARRB2;BCL7C;CAMK4;CD274;CHAC1;CIITA;EXD1;F11R;FBXL19;FCER1G;FOXP1;GLTPD2;HINT1;ICE2;IL13;IL33;IL4R;IL7R;INO80;IRF1;IRF4;JAK2;KAT8;KDM8;LRRC32;MLLT11;NACA;NCOA1;RNF40;SETDB1;SRCAP;STX1B;STX4;TBX1;TLR1;TLR6;TNFSF4;TNIP3;TSKU;TSLP;UHRF2;VPS72;ZMYND15;ZNF646;ZNF668;ZNF764	enrichment_global_primary_123_vs_AB3782
global_primary	global	GO_BP	GO:0009889	regulation of biosynthetic process	0.03248922880784437	9.821411368755857e-4	1.8706695302262184	51	123	1456	417	51/123	417/1456	AFF4;APOA2;ARNT;ARRB2;BCKDK;BCL7C;CAMK4;CD274;CHAC1;CIITA;EXD1;F11R;FBXL19;FCER1G;FOXP1;GLTPD2;HINT1;ICE2;IL13;IL33;IL4R;IL7R;INO80;IRF1;IRF4;JAK2;KAT8;KDM8;LRRC32;MLLT11;NACA;NCOA1;RNF40;SETDB1;SRCAP;STARD4;STX1B;STX4;TBX1;TLR1;TLR6;TNFSF4;TNIP3;TSKU;TSLP;UHRF2;VPS72;ZMYND15;ZNF646;ZNF668;ZNF764	enrichment_global_primary_123_vs_AB3782
global_primary	global	GO_BP	GO:0045321	leukocyte activation	0.03780474818784333	0.0011580656438033427	2.472144360542085	20	123	1456	117	20/123	117/1456	CAMK4;CD247;CD274;FCER1G;FOXP1;IL13;IL21R;IL33;IL4R;IL7R;IRF1;IRF4;JAK2;LRRC32;NAGLU;STX4;TLR1;TLR6;TNFSF4;TSLP	enrichment_global_primary_123_vs_AB3782
global_primary	global	GO_BP	GO:0010556	regulation of macromolecule biosynthetic process	0.041335903762115614	0.0012828958442897631	1.851771147632862	49	123	1456	400	49/123	400/1456	AFF4;APOA2;ARNT;ARRB2;BCL7C;CAMK4;CD274;CHAC1;CIITA;EXD1;F11R;FBXL19;FCER1G;FOXP1;GLTPD2;HINT1;ICE2;IL13;IL33;IL4R;IL7R;INO80;IRF1;IRF4;JAK2;KAT8;KDM8;LRRC32;MLLT11;NACA;NCOA1;RNF40;SETDB1;SRCAP;STX1B;STX4;TBX1;TLR1;TLR6;TNFSF4;TNIP3;TSKU;TSLP;UHRF2;VPS72;ZMYND15;ZNF646;ZNF668;ZNF764	enrichment_global_primary_123_vs_AB3782
global_primary	global	GO_BP	GO:0002752	cell surface pattern recognition receptor signaling pathway	0.04208457899925584	0.0013909453760334457	14.83641801250369	4	123	1456	7	4/123	7/1456	NAGLU;TLR1;TLR6;TNIP3	enrichment_global_primary_123_vs_AB3782
global_primary	global	GO_BP	GO:0032736	positive regulation of interleukin-13 production	0.04208457899925584	0.0013909453760334457	14.83641801250369	4	123	1456	7	4/123	7/1456	IL33;IRF4;TNFSF4;TSLP	enrichment_global_primary_123_vs_AB3782
global_primary	global	GO_BP	GO:0032753	positive regulation of interleukin-4 production	0.04208457899925584	0.0013909453760334457	14.83641801250369	4	123	1456	7	4/123	7/1456	FCER1G;IL33;IRF4;TNFSF4	enrichment_global_primary_123_vs_AB3782
global_primary	global	GO_BP	GO:0043032	positive regulation of macrophage activation	0.04208457899925584	0.0013909453760334457	14.83641801250369	4	123	1456	7	4/123	7/1456	IL13;IL33;IL4R;TLR6	enrichment_global_primary_123_vs_AB3782
global_primary	global	GO_BP	GO:1903307	positive regulation of regulated secretory pathway	0.04208457899925584	0.0013909453760334457	14.83641801250369	4	123	1456	7	4/123	7/1456	FCER1G;IL13;IL4R;STX4	enrichment_global_primary_123_vs_AB3782
global_primary	global	GO_BP	GO:0071219	cellular response to molecule of bacterial origin	0.044241629045801686	0.001510232678703062	5.2905084379605265	7	123	1456	22	7/123	22/1456	CD274;JAK2;TLR1;TLR10;TLR6;TNFSF4;TNIP3	enrichment_global_primary_123_vs_AB3782
global_primary	global	GO_BP	GO:0071706	tumor necrosis factor superfamily cytokine production	0.044241629045801686	0.0015157349733547535	4.558618043206514	8	123	1456	28	8/123	28/1456	ARRB2;CD274;FCER1G;FOXP1;IL33;JAK2;TLR1;TLR6	enrichment_global_primary_123_vs_AB3782
global_primary	global	GO_BP	GO:1903555	regulation of tumor necrosis factor superfamily cytokine production	0.044241629045801686	0.0015157349733547535	4.558618043206514	8	123	1456	28	8/123	28/1456	ARRB2;CD274;FCER1G;FOXP1;IL33;JAK2;TLR1;TLR6	enrichment_global_primary_123_vs_AB3782
global_primary	global	GO_BP	GO:0050896	response to stimulus	0.046991698204235426	0.0016288940127223888	1.7771250158085259	72	123	1456	662	72/123	662/1456	AFF4;ANKRD6;APOA2;ARNT;ARRB2;BCL7C;CAMK4;CD247;CD274;CDC42SE2;CERS2;CHAC1;CIITA;CLEC16A;CTF1;CTSS;ENSA;EXT1;F11R;FAM114A1;FCER1G;FOXP1;GDF9;GLDC;GNB1L;HINT1;HORMAD1;HSD17B1;HSD3B7;HSPA4;IL13;IL21R;IL33;IL4R;IL7R;INO80;INSL6;IRF1;IRF4;ITGA7;JAK2;KDM8;LMBRD2;LRRC32;MLLT11;NACA;NAGLU;NCOA1;NREP;NSMCE1;PLD2;RAD50;RAPGEF6;RNF7;SETD1A;SLC22A4;SLC22A5;STX1B;STX4;TBX1;TLR1;TLR10;TLR6;TNFSF4;TNIP3;TSKU;TSLP;UGT3A2;VKORC1;VPS72;ZNF668;ZNF764	enrichment_global_primary_123_vs_AB3782
global_strict	global	GO_BP	GO:0002224	toll-like receptor signaling pathway	4.5558860236808287e-5	1.8656371923344916e-8	36.85800798905126	9	117	1456	12	9/117	12/1456	ARRB2;CD274;CTSS;IRF1;IRF4;TLR1;TLR10;TLR6;TNIP3	enrichment_global_strict_vs_AB3782
global_strict	global	GO_BP	GO:0050778	positive regulation of immune response	0.006225748801767124	6.91221084719837e-6	4.055672562469464	19	117	1456	80	19/117	80/1456	ARRB2;CD247;CD274;CTSS;FCER1G;FOXP1;IL33;IL4R;IRF1;IRF4;JAK2;NAGLU;PLD2;STX4;TLR1;TLR10;TLR6;TNFSF4;TNIP3	enrichment_global_strict_vs_AB3782
global_strict	global	GO_BP	GO:0002274	myeloid leukocyte activation	0.006225748801767124	7.745749322624543e-6	5.8387600476363675	13	117	1456	41	13/117	41/1456	CAMK4;FCER1G;FOXP1;IL13;IL33;IL4R;IRF4;JAK2;NAGLU;STX4;TLR1;TLR6;TSLP	enrichment_global_strict_vs_AB3782
global_strict	global	GO_BP	GO:0009617	response to bacterium	0.006225748801767124	1.0250534666235895e-5	4.54716590558505	16	117	1456	61	16/117	61/1456	CD274;FCER1G;FOXP1;IL13;IL33;IL7R;JAK2;NAGLU;SLC22A4;SLC22A5;TLR1;TLR10;TLR6;TNFSF4;TNIP3;TSLP	enrichment_global_strict_vs_AB3782
global_strict	global	GO_BP	GO:0048584	positive regulation of response to stimulus	0.006225748801767124	1.4821534449282847e-5	2.7715160901697997	32	117	1456	192	32/117	192/1456	ANKRD6;ARNT;ARRB2;BCL7C;CD247;CD274;CLEC16A;CTSS;F11R;FCER1G;FOXP1;HINT1;IL33;IL4R;IL7R;INO80;IRF1;IRF4;JAK2;NAGLU;PLD2;RAD50;STX1B;STX4;TBX1;TLR1;TLR10;TLR6;TNFSF4;TNIP3;TSLP;VPS72	enrichment_global_strict_vs_AB3782
global_strict	global	GO_BP	GO:0006325	chromatin organization	0.006225748801767124	2.0048264779461023e-5	4.253682286445183	16	117	1456	64	16/117	64/1456	BCL7C;FBXL19;INO80;IRF4;JAK2;KAT8;KDM8;NCOA1;NSMCE1;RAD50;RNF40;SETD1A;SETDB1;SRCAP;UHRF2;VPS72	enrichment_global_strict_vs_AB3782
global_strict	global	GO_BP	GO:0006338	chromatin remodeling	0.006225748801767124	2.2022007047459384e-5	4.773895296561275	14	117	1456	51	14/117	51/1456	BCL7C;FBXL19;INO80;IRF4;JAK2;KAT8;KDM8;NCOA1;RAD50;SETD1A;SETDB1;SRCAP;UHRF2;VPS72	enrichment_global_strict_vs_AB3782
global_strict	global	GO_BP	GO:0002684	positive regulation of immune system process	0.006225748801767124	2.829112744579834e-5	3.2485946671434056	22	117	1456	111	22/117	111/1456	ARRB2;CD247;CD274;CTSS;FCER1G;FOXP1;IL13;IL33;IL4R;IL7R;IRF1;IRF4;JAK2;NAGLU;PLD2;STX4;TLR1;TLR10;TLR6;TNFSF4;TNIP3;TSLP	enrichment_global_strict_vs_AB3782
global_strict	global	GO_BP	GO:0002221	pattern recognition receptor signaling pathway	0.006225748801767124	2.921803126533967e-5	6.840432778184648	10	117	1456	28	10/117	28/1456	ARRB2;CD274;CTSS;IRF1;IRF4;NAGLU;TLR1;TLR10;TLR6;TNIP3	enrichment_global_strict_vs_AB3782
global_strict	global	GO_BP	GO:0001816	cytokine production	0.006225748801767124	3.2229677812522695e-5	3.4219450073433073	20	117	1456	96	20/117	96/1456	APOA2;ARNT;ARRB2;CD274;F11R;FCER1G;FOXP1;GLTPD2;IL13;IL33;IL4R;IRF1;IRF4;JAK2;KAT8;LRRC32;TLR1;TLR6;TNFSF4;TSLP	enrichment_global_strict_vs_AB3782
global_strict	global	GO_BP	GO:0001817	regulation of cytokine production	0.006225748801767124	3.2229677812522695e-5	3.4219450073433073	20	117	1456	96	20/117	96/1456	APOA2;ARNT;ARRB2;CD274;F11R;FCER1G;FOXP1;GLTPD2;IL13;IL33;IL4R;IRF1;IRF4;JAK2;KAT8;LRRC32;TLR1;TLR6;TNFSF4;TSLP	enrichment_global_strict_vs_AB3782
global_strict	global	GO_BP	GO:0002757	immune response-activating signaling pathway	0.006225748801767124	3.562417428126155e-5	4.522612034503455	14	117	1456	53	14/117	53/1456	ARRB2;CD247;CD274;CTSS;FCER1G;FOXP1;IRF1;IRF4;NAGLU;PLD2;TLR1;TLR10;TLR6;TNIP3	enrichment_global_strict_vs_AB3782
global_strict	global	GO_BP	GO:0001819	positive regulation of cytokine production	0.006225748801767124	3.743773192339838e-5	3.994748429929119	16	117	1456	67	16/117	67/1456	APOA2;ARNT;CD274;FCER1G;FOXP1;IL13;IL33;IL4R;IRF1;IRF4;JAK2;KAT8;TLR1;TLR6;TNFSF4;TSLP	enrichment_global_strict_vs_AB3782
global_strict	global	GO_BP	GO:0001774	microglial cell activation	0.006225748801767124	3.824170025655481e-5	17.946554589976497	6	117	1456	10	6/117	10/1456	IL13;IL33;JAK2;NAGLU;TLR1;TLR6	enrichment_global_strict_vs_AB3782
global_strict	global	GO_BP	GO:0002269	leukocyte activation involved in inflammatory response	0.006225748801767124	3.824170025655481e-5	17.946554589976497	6	117	1456	10	6/117	10/1456	IL13;IL33;JAK2;NAGLU;TLR1;TLR6	enrichment_global_strict_vs_AB3782
global_strict	global	GO_BP	GO:0043207	response to external biotic stimulus	0.007613899284523512	5.30042128734233e-5	2.938217676786428	24	117	1456	132	24/117	132/1456	ARRB2;CD274;CIITA;CTSS;EXT1;FCER1G;FOXP1;IL13;IL33;IL4R;IL7R;IRF1;IRF4;JAK2;NAGLU;SLC22A4;SLC22A5;STX4;TLR1;TLR10;TLR6;TNFSF4;TNIP3;TSLP	enrichment_global_strict_vs_AB3782
global_strict	global	GO_BP	GO:0051707	response to other organism	0.007613899284523512	5.30042128734233e-5	2.938217676786428	24	117	1456	132	24/117	132/1456	ARRB2;CD274;CIITA;CTSS;EXT1;FCER1G;FOXP1;IL13;IL33;IL4R;IL7R;IRF1;IRF4;JAK2;NAGLU;SLC22A4;SLC22A5;STX4;TLR1;TLR10;TLR6;TNFSF4;TNIP3;TSLP	enrichment_global_strict_vs_AB3782
global_strict	global	GO_BP	GO:0002758	innate immune response-activating signaling pathway	0.007763848600120202	5.8203161058749004e-5	6.147457394564265	10	117	1456	30	10/117	30/1456	ARRB2;CD274;CTSS;IRF1;IRF4;NAGLU;TLR1;TLR10;TLR6;TNIP3	enrichment_global_strict_vs_AB3782
global_strict	global	GO_BP	GO:0009607	response to biotic stimulus	0.007763848600120202	6.040668443991968e-5	2.9089732632812795	24	117	1456	133	24/117	133/1456	ARRB2;CD274;CIITA;CTSS;EXT1;FCER1G;FOXP1;IL13;IL33;IL4R;IL7R;IRF1;IRF4;JAK2;NAGLU;SLC22A4;SLC22A5;STX4;TLR1;TLR10;TLR6;TNFSF4;TNIP3;TSLP	enrichment_global_strict_vs_AB3782
global_strict	global	GO_BP	GO:0031349	positive regulation of defense response	0.008335753703133764	6.978140224995738e-5	4.190574880152148	14	117	1456	56	14/117	56/1456	ARRB2;CD274;CTSS;FCER1G;IL33;IRF1;IRF4;NAGLU;TLR1;TLR10;TLR6;TNFSF4;TNIP3;TSLP	enrichment_global_strict_vs_AB3782
global_strict	global	GO_BP	GO:0032755	positive regulation of interleukin-6 production	0.008335753703133764	7.863126560820339e-5	14.362928356330787	6	117	1456	11	6/117	11/1456	FCER1G;IL33;TLR1;TLR6;TNFSF4;TSLP	enrichment_global_strict_vs_AB3782
global_strict	global	GO_BP	GO:0061900	glial cell activation	0.008335753703133764	7.863126560820339e-5	14.362928356330787	6	117	1456	11	6/117	11/1456	IL13;IL33;JAK2;NAGLU;TLR1;TLR6	enrichment_global_strict_vs_AB3782
global_strict	global	GO_BP	GO:0002218	activation of innate immune response	0.008335753703133764	8.014474306050632e-5	5.851581040171131	10	117	1456	31	10/117	31/1456	ARRB2;CD274;CTSS;IRF1;IRF4;NAGLU;TLR1;TLR10;TLR6;TNIP3	enrichment_global_strict_vs_AB3782
global_strict	global	GO_BP	GO:0050776	regulation of immune response	0.008335753703133764	8.192386931826796e-5	3.1569660628075606	20	117	1456	102	20/117	102/1456	ARRB2;CD247;CD274;CTSS;FCER1G;FOXP1;IL33;IL4R;IL7R;IRF1;IRF4;JAK2;NAGLU;PLD2;STX4;TLR1;TLR10;TLR6;TNFSF4;TNIP3	enrichment_global_strict_vs_AB3782
global_strict	global	GO_BP	GO:0002253	activation of immune response	0.008426665561337306	8.626807495226562e-5	4.090199531186623	14	117	1456	57	14/117	57/1456	ARRB2;CD247;CD274;CTSS;FCER1G;FOXP1;IRF1;IRF4;NAGLU;PLD2;TLR1;TLR10;TLR6;TNIP3	enrichment_global_strict_vs_AB3782
global_strict	global	GO_BP	GO:0032103	positive regulation of response to external stimulus	0.00968221975349746	1.0308669680218425e-4	3.7859735562392514	15	117	1456	65	15/117	65/1456	ARRB2;CD274;CTSS;FCER1G;IL33;IRF1;IRF4;NAGLU;STX4;TLR1;TLR10;TLR6;TNFSF4;TNIP3;TSLP	enrichment_global_strict_vs_AB3782
global_strict	global	GO_BP	GO:0002764	immune response-regulating signaling pathway	0.011520113570944474	1.2967557959924628e-4	3.9028411744521123	14	117	1456	59	14/117	59/1456	ARRB2;CD247;CD274;CTSS;FCER1G;FOXP1;IRF1;IRF4;NAGLU;PLD2;TLR1;TLR10;TLR6;TNIP3	enrichment_global_strict_vs_AB3782
global_strict	global	GO_BP	GO:0002682	regulation of immune system process	0.011520113570944474	1.3208975429420365e-4	2.6323119954753547	26	117	1456	157	26/117	157/1456	APOA2;ARNT;ARRB2;CAMK4;CD247;CD274;CTSS;FCER1G;FOXP1;IL13;IL33;IL4R;IL7R;IRF1;IRF4;JAK2;LRRC32;NAGLU;PLD2;STX4;TLR1;TLR10;TLR6;TNFSF4;TNIP3;TSLP	enrichment_global_strict_vs_AB3782
global_strict	global	GO_BP	GO:0002237	response to molecule of bacterial origin	0.011572188858232713	1.374256662116088e-4	4.849335082701669	11	117	1456	39	11/117	39/1456	CD274;FOXP1;IL13;JAK2;NAGLU;SLC22A4;TLR1;TLR10;TLR6;TNFSF4;TNIP3	enrichment_global_strict_vs_AB3782
global_strict	global	GO_BP	GO:0032733	positive regulation of interleukin-10 production	0.011761262082663227	1.4699072142943602e-4	11.961097757338788	6	117	1456	12	6/117	12/1456	CD274;FCER1G;IL13;IRF4;TNFSF4;TSLP	enrichment_global_strict_vs_AB3782
global_strict	global	GO_BP	GO:0031347	regulation of defense response	0.011761262082663227	1.4930349081185914e-4	3.195651542449076	18	117	1456	90	18/117	90/1456	ARNT;ARRB2;CD274;CTSS;FCER1G;FOXP1;IL13;IL33;IRF1;IRF4;JAK2;NAGLU;TLR1;TLR10;TLR6;TNFSF4;TNIP3;TSLP	enrichment_global_strict_vs_AB3782
global_strict	global	GO_BP	GO:0044419	biological process involved in interspecies interaction between organisms	0.012566803125761054	1.6467555283552568e-4	2.6367447956190713	25	117	1456	150	25/117	150/1456	ARRB2;CD274;CIITA;CTSS;EXT1;F11R;FCER1G;FOXP1;IL13;IL33;IL4R;IL7R;IRF1;IRF4;JAK2;NAGLU;SLC22A4;SLC22A5;STX4;TLR1;TLR10;TLR6;TNFSF4;TNIP3;TSLP	enrichment_global_strict_vs_AB3782
global_strict	global	GO_BP	GO:0009058	biosynthetic process	0.013387880488426703	1.814483148900773e-4	2.0308488175833586	66	117	1456	587	66/117	587/1456	ACSL6;AFF4;APOA2;ARNT;ARRB2;BCKDK;BCL7C;CAMK4;CD274;CERS2;CHAC1;CIITA;COASY;CTSS;EIF2D;EXD1;EXT1;F11R;FAM114A1;FBXL19;FCER1G;FOXP1;GLTPD2;HINT1;HSD3B7;HSPA4;ICE2;IL13;IL33;IL4R;IL7R;INO80;IRF1;IRF4;JAK2;KAT8;KDM8;LRRC32;MLLT11;NACA;NAGLU;NCOA1;PLD2;PRIM1;RAD50;RBMS2;RNF40;SCNM1;SETDB1;SRCAP;STARD4;STX1B;STX4;TBX1;TLR1;TLR6;TNFSF4;TNIP3;TSLP;UHRF2;VPS72;WDR36;ZMYND15;ZNF646;ZNF668;ZNF764	enrichment_global_strict_vs_AB3782
global_strict	global	GO_BP	GO:0043302	positive regulation of leukocyte degranulation	0.013387880488426703	1.8639964644001143e-4	47.095072886879485	4	117	1456	5	4/117	5/1456	FCER1G;IL13;IL4R;STX4	enrichment_global_strict_vs_AB3782
global_strict	global	GO_BP	GO:0009059	macromolecule biosynthetic process	0.016887241830417732	2.4350321727430454e-4	2.008633636908687	59	117	1456	509	59/117	509/1456	AFF4;APOA2;ARNT;ARRB2;BCL7C;CAMK4;CD274;CHAC1;CIITA;CTSS;EIF2D;EXD1;EXT1;F11R;FAM114A1;FBXL19;FCER1G;FOXP1;GLTPD2;HINT1;HSPA4;ICE2;IL13;IL33;IL4R;IL7R;INO80;IRF1;IRF4;JAK2;KAT8;KDM8;LRRC32;MLLT11;NACA;NAGLU;NCOA1;PRIM1;RAD50;RBMS2;RNF40;SCNM1;SETDB1;SRCAP;STX1B;STX4;TBX1;TLR1;TLR6;TNFSF4;TNIP3;TSLP;UHRF2;VPS72;WDR36;ZMYND15;ZNF646;ZNF668;ZNF764	enrichment_global_strict_vs_AB3782
global_strict	global	GO_BP	GO:0032101	regulation of response to external stimulus	0.016887241830417732	2.4895196801598624e-4	2.858298632394326	20	117	1456	110	20/117	110/1456	ARNT;ARRB2;CD274;CERS2;CTSS;FCER1G;FOXP1;IL13;IL33;IRF1;IRF4;JAK2;NAGLU;STX4;TLR1;TLR10;TLR6;TNFSF4;TNIP3;TSLP	enrichment_global_strict_vs_AB3782
global_strict	global	GO_BP	GO:0010467	gene expression	0.01689883234083078	2.6127779306932476e-4	2.007267721025074	57	117	1456	487	57/117	487/1456	AFF4;APOA2;ARNT;ARRB2;BCL7C;CAMK4;CD274;CHAC1;CIITA;CTSS;EIF2D;EXD1;EXT1;F11R;FAM114A1;FBXL19;FCER1G;FOXP1;GLTPD2;HINT1;HSPA4;ICE2;IL13;IL33;IL4R;IL7R;INO80;IRF1;IRF4;JAK2;KAT8;KDM8;LRRC32;MLLT11;NACA;NAGLU;NCOA1;RBMS2;RNF40;SCNM1;SETDB1;SRCAP;STX1B;STX4;TBX1;TLR1;TLR6;TNFSF4;TNIP3;TSLP;UHRF2;VPS72;WDR36;ZMYND15;ZNF646;ZNF668;ZNF764	enrichment_global_strict_vs_AB3782
global_strict	global	GO_BP	GO:0098542	defense response to other organism	0.01689883234083078	2.6874114717699837e-4	3.0181554241907564	18	117	1456	94	18/117	94/1456	ARRB2;CD274;CIITA;CTSS;FCER1G;IL33;IL4R;IRF1;IRF4;JAK2;NAGLU;SLC22A5;STX4;TLR1;TLR10;TLR6;TNIP3;TSLP	enrichment_global_strict_vs_AB3782
global_strict	global	GO_BP	GO:0006952	defense response	0.01689883234083078	2.743031375853722e-4	2.449254491881347	27	117	1456	173	27/117	173/1456	ARNT;ARRB2;CAMK4;CD274;CIITA;CTSS;EXT1;F11R;FAM114A1;FCER1G;FOXP1;IL13;IL33;IL4R;IL7R;IRF1;IRF4;JAK2;NAGLU;SLC22A5;STX4;TLR1;TLR10;TLR6;TNFSF4;TNIP3;TSLP	enrichment_global_strict_vs_AB3782
global_strict	global	GO_BP	GO:0010557	positive regulation of macromolecule biosynthetic process	0.01689883234083078	2.8262613927380805e-4	2.2890606761295595	32	117	1456	221	32/117	221/1456	APOA2;ARNT;ARRB2;CAMK4;CD274;CIITA;FCER1G;FOXP1;ICE2;IL13;IL33;IL4R;IL7R;INO80;IRF1;IRF4;JAK2;KAT8;KDM8;LRRC32;MLLT11;NACA;NCOA1;RNF40;SRCAP;STX4;TBX1;TLR1;TLR6;TNFSF4;TSLP;VPS72	enrichment_global_strict_vs_AB3782
global_strict	global	GO_BP	GO:0080134	regulation of response to stress	0.01689883234083078	2.837232293096077e-4	2.626862770222051	23	117	1456	137	23/117	137/1456	ARNT;ARRB2;BCL7C;CD274;CERS2;CTSS;FCER1G;FOXP1;IL13;IL33;INO80;IRF1;IRF4;JAK2;NAGLU;RAD50;TLR1;TLR10;TLR6;TNFSF4;TNIP3;TSLP;VPS72	enrichment_global_strict_vs_AB3782
global_strict	global	GO_BP	GO:0009891	positive regulation of biosynthetic process	0.018210519418489318	3.132030366816344e-4	2.2489843164271672	33	117	1456	232	33/117	232/1456	APOA2;ARNT;ARRB2;CAMK4;CD274;CIITA;FCER1G;FOXP1;ICE2;IL13;IL33;IL4R;IL7R;INO80;IRF1;IRF4;JAK2;KAT8;KDM8;LRRC32;MLLT11;NACA;NCOA1;RNF40;SRCAP;STARD4;STX4;TBX1;TLR1;TLR6;TNFSF4;TSLP;VPS72	enrichment_global_strict_vs_AB3782
global_strict	global	GO_BP	GO:0042116	macrophage activation	0.019196098121668122	3.3801483179022495e-4	6.053484018285896	8	117	1456	24	8/117	24/1456	FOXP1;IL13;IL33;IL4R;JAK2;NAGLU;TLR1;TLR6	enrichment_global_strict_vs_AB3782
global_strict	global	GO_BP	GO:0010628	positive regulation of gene expression	0.021199441609436143	3.819719208907413e-4	2.6787736404752214	21	117	1456	122	21/117	122/1456	APOA2;ARNT;ARRB2;CD274;FCER1G;FOXP1;IL13;IL33;IL4R;IL7R;IRF1;IRF4;JAK2;KAT8;LRRC32;STX4;TLR1;TLR6;TNFSF4;TSLP;VPS72	enrichment_global_strict_vs_AB3782
global_strict	global	GO_BP	GO:0032635	interleukin-6 production	0.021492964712625524	4.0486338115510817e-4	7.017768288904068	7	117	1456	19	7/117	19/1456	ARRB2;FCER1G;IL33;TLR1;TLR6;TNFSF4;TSLP	enrichment_global_strict_vs_AB3782
global_strict	global	GO_BP	GO:0032675	regulation of interleukin-6 production	0.021492964712625524	4.0486338115510817e-4	7.017768288904068	7	117	1456	19	7/117	19/1456	ARRB2;FCER1G;IL33;TLR1;TLR6;TNFSF4;TSLP	enrichment_global_strict_vs_AB3782
global_strict	global	GO_BP	GO:0150076	neuroinflammatory response	0.02168908231297857	4.174393401760822e-4	8.963619876001061	6	117	1456	14	6/117	14/1456	IL13;IL33;JAK2;NAGLU;TLR1;TLR6	enrichment_global_strict_vs_AB3782
global_strict	global	GO_BP	GO:0009889	regulation of biosynthetic process	0.021732817942495933	4.721311407065177e-4	1.9755295346543658	50	117	1456	417	50/117	417/1456	AFF4;APOA2;ARNT;ARRB2;BCKDK;BCL7C;CAMK4;CD274;CHAC1;CIITA;EXD1;F11R;FBXL19;FCER1G;FOXP1;GLTPD2;HINT1;ICE2;IL13;IL33;IL4R;IL7R;INO80;IRF1;IRF4;JAK2;KAT8;KDM8;LRRC32;MLLT11;NACA;NCOA1;RNF40;SETDB1;SRCAP;STARD4;STX1B;STX4;TBX1;TLR1;TLR6;TNFSF4;TNIP3;TSLP;UHRF2;VPS72;ZMYND15;ZNF646;ZNF668;ZNF764	enrichment_global_strict_vs_AB3782
global_strict	global	GO_BP	GO:0010468	regulation of gene expression	0.021732817942495933	4.779424589744424e-4	1.987731144928499	48	117	1456	395	48/117	395/1456	AFF4;APOA2;ARNT;ARRB2;BCL7C;CAMK4;CD274;CHAC1;CIITA;EXD1;F11R;FBXL19;FCER1G;FOXP1;GLTPD2;HINT1;ICE2;IL13;IL33;IL4R;IL7R;INO80;IRF1;IRF4;JAK2;KAT8;KDM8;LRRC32;MLLT11;NACA;NCOA1;RNF40;SETDB1;SRCAP;STX1B;STX4;TBX1;TLR1;TLR6;TNFSF4;TNIP3;TSLP;UHRF2;VPS72;ZMYND15;ZNF646;ZNF668;ZNF764	enrichment_global_strict_vs_AB3782
global_strict	global	GO_BP	GO:0140546	defense response to symbiont	0.021732817942495933	4.815553707892313e-4	2.94521361733464	17	117	1456	90	17/117	90/1456	ARRB2;CD274;CIITA;CTSS;FCER1G;IL33;IRF1;IRF4;JAK2;NAGLU;SLC22A5;STX4;TLR1;TLR10;TLR6;TNIP3;TSLP	enrichment_global_strict_vs_AB3782
global_strict	global	GO_BP	GO:0002756	MyD88-independent toll-like receptor signaling pathway	0.021732817942495933	5.06702347695555e-4	Inf	3	117	1456	3	3/117	3/1456	CD274;TLR6;TNIP3	enrichment_global_strict_vs_AB3782
global_strict	global	GO_BP	GO:0032493	response to bacterial lipoprotein	0.021732817942495933	5.06702347695555e-4	Inf	3	117	1456	3	3/117	3/1456	TLR1;TLR10;TLR6	enrichment_global_strict_vs_AB3782
global_strict	global	GO_BP	GO:0043306	positive regulation of mast cell degranulation	0.021732817942495933	5.06702347695555e-4	Inf	3	117	1456	3	3/117	3/1456	FCER1G;IL13;IL4R	enrichment_global_strict_vs_AB3782
global_strict	global	GO_BP	GO:0070339	response to bacterial lipopeptide	0.021732817942495933	5.06702347695555e-4	Inf	3	117	1456	3	3/117	3/1456	TLR1;TLR10;TLR6	enrichment_global_strict_vs_AB3782
global_strict	global	GO_BP	GO:0071220	cellular response to bacterial lipoprotein	0.021732817942495933	5.06702347695555e-4	Inf	3	117	1456	3	3/117	3/1456	TLR1;TLR10;TLR6	enrichment_global_strict_vs_AB3782
global_strict	global	GO_BP	GO:0071221	cellular response to bacterial lipopeptide	0.021732817942495933	5.06702347695555e-4	Inf	3	117	1456	3	3/117	3/1456	TLR1;TLR10;TLR6	enrichment_global_strict_vs_AB3782
global_strict	global	GO_BP	GO:0071346	cellular response to type II interferon	0.021732817942495933	5.244604466907076e-4	23.519665762870456	4	117	1456	6	4/117	6/1456	CIITA;IRF1;JAK2;STX4	enrichment_global_strict_vs_AB3782
global_strict	global	GO_BP	GO:0140895	cell surface toll-like receptor signaling pathway	0.021732817942495933	5.244604466907076e-4	23.519665762870456	4	117	1456	6	4/117	6/1456	NAGLU;TLR1;TLR6;TNIP3	enrichment_global_strict_vs_AB3782
global_strict	global	GO_BP	GO:0045089	positive regulation of innate immune response	0.021732817942495933	5.25076272975946e-4	4.368211603420977	10	117	1456	38	10/117	38/1456	ARRB2;CD274;CTSS;IRF1;IRF4;NAGLU;TLR1;TLR10;TLR6;TNIP3	enrichment_global_strict_vs_AB3782
global_strict	global	GO_BP	GO:0006955	immune response	0.022055333192738624	5.419000784456664e-4	2.3237543911600738	27	117	1456	180	27/117	180/1456	APOA2;ARRB2;CAMK4;CD247;CD274;CIITA;CTSS;EXT1;FCER1G;FOXP1;IL13;IL33;IL4R;IL7R;IRF1;IRF4;JAK2;NAGLU;PLD2;SLC22A5;STX4;TLR1;TLR10;TLR6;TNFSF4;TNIP3;TSLP	enrichment_global_strict_vs_AB3782
global_strict	global	GO_BP	GO:0034341	response to type II interferon	0.022250116319187756	5.596998386358731e-4	11.863440749170625	5	117	1456	10	5/117	10/1456	CIITA;IRF1;JAK2;SLC22A5;STX4	enrichment_global_strict_vs_AB3782
global_strict	global	GO_BP	GO:0045087	innate immune response	0.022250116319187756	5.649087681366261e-4	3.004177318320205	16	117	1456	83	16/117	83/1456	ARRB2;CD274;CIITA;CTSS;FCER1G;IL33;IRF1;IRF4;JAK2;NAGLU;SLC22A5;STX4;TLR1;TLR10;TLR6;TNIP3	enrichment_global_strict_vs_AB3782
global_strict	global	GO_BP	GO:0032613	interleukin-10 production	0.024201155353184907	6.504277618924499e-4	7.963730961022974	6	117	1456	15	6/117	15/1456	CD274;FCER1G;IL13;IRF4;TNFSF4;TSLP	enrichment_global_strict_vs_AB3782
global_strict	global	GO_BP	GO:0032653	regulation of interleukin-10 production	0.024201155353184907	6.504277618924499e-4	7.963730961022974	6	117	1456	15	6/117	15/1456	CD274;FCER1G;IL13;IRF4;TNFSF4;TSLP	enrichment_global_strict_vs_AB3782
global_strict	global	GO_BP	GO:0010556	regulation of macromolecule biosynthetic process	0.024201155353184907	6.599682500297528e-4	1.9496639704612397	48	117	1456	400	48/117	400/1456	AFF4;APOA2;ARNT;ARRB2;BCL7C;CAMK4;CD274;CHAC1;CIITA;EXD1;F11R;FBXL19;FCER1G;FOXP1;GLTPD2;HINT1;ICE2;IL13;IL33;IL4R;IL7R;INO80;IRF1;IRF4;JAK2;KAT8;KDM8;LRRC32;MLLT11;NACA;NCOA1;RNF40;SETDB1;SRCAP;STX1B;STX4;TBX1;TLR1;TLR6;TNFSF4;TNIP3;TSLP;UHRF2;VPS72;ZMYND15;ZNF646;ZNF668;ZNF764	enrichment_global_strict_vs_AB3782
global_strict	global	GO_BP	GO:0051240	positive regulation of multicellular organismal process	0.024201155353184907	6.631212648042817e-4	2.397963723243	24	117	1456	154	24/117	154/1456	APOA2;ARNT;ARRB2;BCL7C;CD274;FCER1G;FOXP1;IL13;IL33;IL4R;IL7R;IRF1;IRF4;JAK2;KAT8;NACA;NCMAP;NCOA1;SLC22A5;TLR1;TLR6;TNFSF4;TSLP;VKORC1	enrichment_global_strict_vs_AB3782
global_strict	global	GO_BP	GO:0048583	regulation of response to stimulus	0.024201155353184907	6.639956628433205e-4	2.011948089279789	41	117	1456	324	41/117	324/1456	ANKRD6;ARNT;ARRB2;BCL7C;CD247;CD274;CDC42SE2;CERS2;CHAC1;CLEC16A;CTSS;EXT1;F11R;FCER1G;FOXP1;HINT1;IL13;IL33;IL4R;IL7R;INO80;IRF1;IRF4;JAK2;KDM8;LRRC32;NAGLU;NCOA1;NREP;PLD2;RAD50;STX1B;STX4;TBX1;TLR1;TLR10;TLR6;TNFSF4;TNIP3;TSLP;VPS72	enrichment_global_strict_vs_AB3782
global_strict	global	GO_BP	GO:0001775	cell activation	0.03325730820998552	9.377034125960558e-4	2.466400941627924	21	117	1456	130	21/117	130/1456	CAMK4;CD247;CD274;F11R;FAM114A1;FCER1G;FOXP1;IL13;IL33;IL4R;IL7R;IRF1;IRF4;JAK2;LRRC32;NAGLU;STX4;TLR1;TLR6;TNFSF4;TSLP	enrichment_global_strict_vs_AB3782
global_strict	global	GO_BP	GO:0010604	positive regulation of macromolecule metabolic process	0.03325730820998552	9.397028118300577e-4	2.046130034390505	35	117	1456	266	35/117	266/1456	APOA2;ARNT;ARRB2;BCL7C;CAMK4;CD274;CIITA;CTF1;FCER1G;FOXP1;ICE2;IL13;IL33;IL4R;IL7R;INO80;IRF1;IRF4;JAK2;KAT8;KDM8;LRRC32;MLLT11;NACA;NCOA1;RAD50;RNF40;SRCAP;STX4;TBX1;TLR1;TLR6;TNFSF4;TSLP;VPS72	enrichment_global_strict_vs_AB3782
global_strict	global	GO_BP	GO:0001818	negative regulation of cytokine production	0.03452485831347329	9.89656053211765e-4	3.6462516583736004	11	117	1456	48	11/117	48/1456	APOA2;ARRB2;CD274;GLTPD2;IL13;IL33;JAK2;KAT8;LRRC32;TLR6;TNFSF4	enrichment_global_strict_vs_AB3782
global_strict	global	GO_BP	GO:0002833	positive regulation of response to biotic stimulus	0.034606793697152444	0.0010110306345303853	3.9374678560711116	10	117	1456	41	10/117	41/1456	ARRB2;CD274;CTSS;IRF1;IRF4;NAGLU;TLR1;TLR10;TLR6;TNIP3	enrichment_global_strict_vs_AB3782
global_strict	global	GO_BP	GO:0002376	immune system process	0.034606793697152444	0.0010621678797198277	2.0812669508000865	32	117	1456	237	32/117	237/1456	APOA2;ARNT;ARRB2;CAMK4;CD247;CD274;CIITA;CTSS;EXT1;F11R;FCER1G;FOXP1;HSD3B7;IL13;IL33;IL4R;IL7R;IRF1;IRF4;JAK2;LRRC32;NAGLU;PLD2;SLC22A5;STX4;TBX1;TLR1;TLR10;TLR6;TNFSF4;TNIP3;TSLP	enrichment_global_strict_vs_AB3782
global_strict	global	GO_BP	GO:0019222	regulation of metabolic process	0.034606793697152444	0.0010706303996738768	1.8560152007875659	56	117	1456	499	56/117	499/1456	AFF4;APOA2;ARNT;ARRB2;ATP6V0A1;BCKDK;BCL7C;CAMK4;CD274;CERS2;CHAC1;CIITA;CLEC16A;CTF1;EXD1;F11R;FBXL19;FCER1G;FOXP1;GLTPD2;HINT1;ICE2;IL13;IL33;IL4R;IL7R;INO80;IRF1;IRF4;JAK2;KAT8;KDM8;LRRC32;MLLT11;NACA;NCOA1;NSMCE1;RAD50;RNF40;SETDB1;SRCAP;STARD4;STX1B;STX4;TBX1;TLR1;TLR6;TNFSF4;TNIP3;TSLP;UHRF2;VPS72;ZMYND15;ZNF646;ZNF668;ZNF764	enrichment_global_strict_vs_AB3782
global_strict	global	GO_BP	GO:0071706	tumor necrosis factor superfamily cytokine production	0.034606793697152444	0.0010849557206539316	4.830855082222171	8	117	1456	28	8/117	28/1456	ARRB2;CD274;FCER1G;FOXP1;IL33;JAK2;TLR1;TLR6	enrichment_global_strict_vs_AB3782
global_strict	global	GO_BP	GO:1903555	regulation of tumor necrosis factor superfamily cytokine production	0.034606793697152444	0.0010849557206539316	4.830855082222171	8	117	1456	28	8/117	28/1456	ARRB2;CD274;FCER1G;FOXP1;IL33;JAK2;TLR1;TLR6	enrichment_global_strict_vs_AB3782
global_strict	global	GO_BP	GO:0071219	cellular response to molecule of bacterial origin	0.034606793697152444	0.0011169219957493479	5.604189700018132	7	117	1456	22	7/117	22/1456	CD274;JAK2;TLR1;TLR10;TLR6;TNFSF4;TNIP3	enrichment_global_strict_vs_AB3782
global_strict	global	GO_BP	GO:0002752	cell surface pattern recognition receptor signaling pathway	0.034606793697152444	0.0011478911914288893	15.693483302251419	4	117	1456	7	4/117	7/1456	NAGLU;TLR1;TLR6;TNIP3	enrichment_global_strict_vs_AB3782
global_strict	global	GO_BP	GO:0032736	positive regulation of interleukin-13 production	0.034606793697152444	0.0011478911914288893	15.693483302251419	4	117	1456	7	4/117	7/1456	IL33;IRF4;TNFSF4;TSLP	enrichment_global_strict_vs_AB3782
global_strict	global	GO_BP	GO:0032753	positive regulation of interleukin-4 production	0.034606793697152444	0.0011478911914288893	15.693483302251419	4	117	1456	7	4/117	7/1456	FCER1G;IL33;IRF4;TNFSF4	enrichment_global_strict_vs_AB3782
global_strict	global	GO_BP	GO:0043032	positive regulation of macrophage activation	0.034606793697152444	0.0011478911914288893	15.693483302251419	4	117	1456	7	4/117	7/1456	IL13;IL33;IL4R;TLR6	enrichment_global_strict_vs_AB3782
global_strict	global	GO_BP	GO:1903307	positive regulation of regulated secretory pathway	0.034606793697152444	0.0011478911914288893	15.693483302251419	4	117	1456	7	4/117	7/1456	FCER1G;IL13;IL4R;STX4	enrichment_global_strict_vs_AB3782
global_strict	global	GO_BP	GO:0045088	regulation of innate immune response	0.03672461228231023	0.0012379894944018917	3.8109584431603607	10	117	1456	42	10/117	42/1456	ARRB2;CD274;CTSS;IRF1;IRF4;NAGLU;TLR1;TLR10;TLR6;TNIP3	enrichment_global_strict_vs_AB3782
global_strict	global	GO_BP	GO:0006954	inflammatory response	0.03672461228231023	0.0012482157327730339	2.5823784277925137	18	117	1456	106	18/117	106/1456	ARNT;CAMK4;EXT1;F11R;FAM114A1;FCER1G;FOXP1;IL13;IL33;IL4R;JAK2;NAGLU;TLR1;TLR10;TLR6;TNFSF4;TNIP3;TSLP	enrichment_global_strict_vs_AB3782
global_strict	global	GO_BP	GO:0050865	regulation of cell activation	0.038511349171140664	0.00132471471350361	2.8333773831362303	15	117	1456	81	15/117	81/1456	CAMK4;CD274;F11R;FCER1G;IL13;IL33;IL4R;IL7R;IRF1;IRF4;JAK2;LRRC32;TLR6;TNFSF4;TSLP	enrichment_global_strict_vs_AB3782
global_strict	global	GO_BP	GO:0002831	regulation of response to biotic stimulus	0.040893771671730514	0.0014234113808751407	3.454417434991322	11	117	1456	50	11/117	50/1456	ARRB2;CD274;CTSS;FOXP1;IRF1;IRF4;NAGLU;TLR1;TLR10;TLR6;TNIP3	enrichment_global_strict_vs_AB3782
global_strict	global	GO_BP	GO:0071216	cellular response to biotic stimulus	0.04259189934536842	0.0014999604192062587	5.250569698700869	7	117	1456	23	7/117	23/1456	CD274;JAK2;TLR1;TLR10;TLR6;TNFSF4;TNIP3	enrichment_global_strict_vs_AB3782
global_strict	global	GO_BP	GO:0002532	production of molecular mediator involved in inflammatory response	0.04327484715282095	0.0015417328838228594	8.467904517124035	5	117	1456	12	5/117	12/1456	FCER1G;IL33;IL4R;JAK2;TLR6	enrichment_global_strict_vs_AB3782
global_strict	global	GO_BP	GO:0045321	leukocyte activation	0.04405168822323768	0.0015874482242608171	2.4530719712803295	19	117	1456	117	19/117	117/1456	CAMK4;CD247;CD274;FCER1G;FOXP1;IL13;IL33;IL4R;IL7R;IRF1;IRF4;JAK2;LRRC32;NAGLU;STX4;TLR1;TLR6;TNFSF4;TSLP	enrichment_global_strict_vs_AB3782
global_strict	global	GO_BP	GO:0006950	response to stress	0.04903392775677782	0.0017936599976057057	1.873728201296039	42	117	1456	350	42/117	350/1456	AFF4;ARNT;ARRB2;BCL7C;CAMK4;CD274;CERS2;CHAC1;CIITA;CLEC16A;CTSS;EXT1;F11R;FAM114A1;FCER1G;FOXP1;HSPA4;IL13;IL33;IL4R;IL7R;INO80;IRF1;IRF4;JAK2;NACA;NAGLU;NREP;NSMCE1;RAD50;SETD1A;SLC22A5;STX4;TLR1;TLR10;TLR6;TNFSF4;TNIP3;TSLP;VKORC1;VPS72;ZNF668	enrichment_global_strict_vs_AB3782
global_strict	global	GO_BP	GO:0009605	response to external stimulus	0.04903392775677782	0.001845125931302866	2.07762929330447	28	117	1456	204	28/117	204/1456	ARNT;ARRB2;CD274;CERS2;CIITA;CTSS;EXT1;F11R;FCER1G;FOXP1;HSD3B7;IL13;IL33;IL4R;IL7R;IRF1;IRF4;JAK2;NAGLU;SLC22A4;SLC22A5;STX4;TLR1;TLR10;TLR6;TNFSF4;TNIP3;TSLP	enrichment_global_strict_vs_AB3782
global_strict	global	GO_BP	GO:0002826	negative regulation of T-helper 1 type immune response	0.04903392775677782	0.0019075442821023312	34.9824639520345	3	117	1456	4	3/117	4/1456	IL33;IL4R;TNFSF4	enrichment_global_strict_vs_AB3782
global_strict	global	GO_BP	GO:0034121	regulation of toll-like receptor signaling pathway	0.04903392775677782	0.0019075442821023312	34.9824639520345	3	117	1456	4	3/117	4/1456	ARRB2;IRF1;IRF4	enrichment_global_strict_vs_AB3782
global_strict	global	GO_BP	GO:0060333	type II interferon-mediated signaling pathway	0.04903392775677782	0.0019075442821023312	34.9824639520345	3	117	1456	4	3/117	4/1456	CIITA;IRF1;JAK2	enrichment_global_strict_vs_AB3782
global_strict	global	GO_BP	GO:0071402	cellular response to lipoprotein particle stimulus	0.04903392775677782	0.0019075442821023312	34.9824639520345	3	117	1456	4	3/117	4/1456	APOA2;FCER1G;TLR6	enrichment_global_strict_vs_AB3782
global_strict	global	GO_BP	GO:2000010	positive regulation of protein localization to cell surface	0.04903392775677782	0.0019075442821023312	34.9824639520345	3	117	1456	4	3/117	4/1456	CD247;FCER1G;STX4	enrichment_global_strict_vs_AB3782
global_strict	global	GO_BP	GO:0042742	defense response to bacterium	0.0498069464610178	0.001972124259503469	5.962764691118255	6	117	1456	18	6/117	18/1456	FCER1G;FOXP1;IL33;IL7R;TLR6;TSLP	enrichment_global_strict_vs_AB3782
global_strict	global	GO_BP	GO:0002698	negative regulation of immune effector process	0.0498069464610178	0.001978408602259921	4.93869014269443	7	117	1456	24	7/117	24/1456	APOA2;ARRB2;CD274;IL33;IL4R;IL7R;TNFSF4	enrichment_global_strict_vs_AB3782
global_strict	global	Reactome	R-HSA-1236975	Homo sapiens: Antigen processing-Cross presentation	0.0440835163830627	1.4196912020882893e-4	19.77321412659167	5	117	1456	8	5/117	8/1456	CTSS;PSMB6;STX4;TLR1;TLR6	enrichment_global_strict_vs_AB3782
global_strict	global	Reactome	R-HSA-1236974	Homo sapiens: ER-Phagosome pathway	0.0440835163830627	1.8639964644001143e-4	47.095072886879485	4	117	1456	5	4/117	5/1456	PSMB6;STX4;TLR1;TLR6	enrichment_global_strict_vs_AB3782
